Use Biblio;

-- Textbooks
INSERT INTO Textbooks(ISBN,YearPublished,Title,Edition,Summary,BookFormat,BookSubject,BookCondition) VALUES ('344589391-8',1993,'amet diam in magna bibendum imperdiet nullam orci',3,'In hac habitasse platea dictumst. Morbi vestibulum, velit id pretium iaculis, diam erat fermentum justo, nec condimentum neque sapien placerat ante. Nulla justo.

Aliquam quis turpis eget elit sodales scelerisque. Mauris sit amet eros. Suspendisse accumsan tortor quis turpis.

Sed ante. Vivamus tortor. Duis mattis egestas metus.','hardcover','business','good');
INSERT INTO Textbooks(ISBN,YearPublished,Title,Edition,Summary,BookFormat,BookSubject,BookCondition) VALUES ('618959041-1',2016,'justo sollicitudin ut suscipit a',1,'Praesent id massa id nisl venenatis lacinia. Aenean sit amet justo. Morbi ut odio.','paperback','anthropology','great');
INSERT INTO Textbooks(ISBN,YearPublished,Title,Edition,Summary,BookFormat,BookSubject,BookCondition) VALUES ('719980671-X',2000,'blandit nam nulla integer pede justo',1,'Donec diam neque, vestibulum eget, vulputate ut, ultrices vel, augue. Vestibulum ante ipsum primis in faucibus orci luctus et ultrices posuere cubilia Curae; Donec pharetra, magna vestibulum aliquet ultrices, erat tortor sollicitudin mi, sit amet lobortis sapien sapien non mi. Integer ac neque.

Duis bibendum. Morbi non quam nec dui luctus rutrum. Nulla tellus.','hardcover','engineering','terrible');
INSERT INTO Textbooks(ISBN,YearPublished,Title,Edition,Summary,BookFormat,BookSubject,BookCondition) VALUES ('913801521-8',1991,'id sapien in sapien iaculis congue',4,'Praesent blandit. Nam nulla. Integer pede justo, lacinia eget, tincidunt eget, tempus vel, pede.','hardcover','engineering','good');
INSERT INTO Textbooks(ISBN,YearPublished,Title,Edition,Summary,BookFormat,BookSubject,BookCondition) VALUES ('768649197-8',2002,'sit amet erat nulla tempus vivamus in felis',3,'Integer tincidunt ante vel ipsum. Praesent blandit lacinia erat. Vestibulum sed magna at nunc commodo placerat.','paperback','anthropology','great');
INSERT INTO Textbooks(ISBN,YearPublished,Title,Edition,Summary,BookFormat,BookSubject,BookCondition) VALUES ('809037741-6',2003,'curae nulla dapibus dolor vel est donec',2,'Phasellus sit amet erat. Nulla tempus. Vivamus in felis eu sapien cursus vestibulum.','paperback','anthropology','good');
INSERT INTO Textbooks(ISBN,YearPublished,Title,Edition,Summary,BookFormat,BookSubject,BookCondition) VALUES ('199160874-8',1990,'erat id',4,'Morbi non lectus. Aliquam sit amet diam in magna bibendum imperdiet. Nullam orci pede, venenatis non, sodales sed, tincidunt eu, felis.

Fusce posuere felis sed lacus. Morbi sem mauris, laoreet ut, rhoncus aliquet, pulvinar sed, nisl. Nunc rhoncus dui vel sem.

Sed sagittis. Nam congue, risus semper porta volutpat, quam pede lobortis ligula, sit amet eleifend pede libero quis orci. Nullam molestie nibh in lectus.','paperback','anthropology','great');
INSERT INTO Textbooks(ISBN,YearPublished,Title,Edition,Summary,BookFormat,BookSubject,BookCondition) VALUES ('543966069-0',1994,'in quis justo maecenas',3,'Fusce consequat. Nulla nisl. Nunc nisl.

Duis bibendum, felis sed interdum venenatis, turpis enim blandit mi, in porttitor pede justo eu massa. Donec dapibus. Duis at velit eu est congue elementum.

In hac habitasse platea dictumst. Morbi vestibulum, velit id pretium iaculis, diam erat fermentum justo, nec condimentum neque sapien placerat ante. Nulla justo.','paperback','anthropology','great');
INSERT INTO Textbooks(ISBN,YearPublished,Title,Edition,Summary,BookFormat,BookSubject,BookCondition) VALUES ('601760127-X',2018,'sem fusce consequat nulla nisl nunc nisl',3,'Suspendisse potenti. In eleifend quam a odio. In hac habitasse platea dictumst.

Maecenas ut massa quis augue luctus tincidunt. Nulla mollis molestie lorem. Quisque ut erat.','paperback','psychology','terrible');
INSERT INTO Textbooks(ISBN,YearPublished,Title,Edition,Summary,BookFormat,BookSubject,BookCondition) VALUES ('445068598-9',1990,'dui luctus rutrum nulla tellus in sagittis dui',1,'Duis bibendum, felis sed interdum venenatis, turpis enim blandit mi, in porttitor pede justo eu massa. Donec dapibus. Duis at velit eu est congue elementum.

In hac habitasse platea dictumst. Morbi vestibulum, velit id pretium iaculis, diam erat fermentum justo, nec condimentum neque sapien placerat ante. Nulla justo.','hardcover','anthropology','great');
INSERT INTO Textbooks(ISBN,YearPublished,Title,Edition,Summary,BookFormat,BookSubject,BookCondition) VALUES ('637385927-4',2002,'vestibulum rutrum',2,'Nulla ut erat id mauris vulputate elementum. Nullam varius. Nulla facilisi.','hardcover','psychology','great');
INSERT INTO Textbooks(ISBN,YearPublished,Title,Edition,Summary,BookFormat,BookSubject,BookCondition) VALUES ('866217826-X',1993,'nec condimentum neque',1,'Vestibulum quam sapien, varius ut, blandit non, interdum in, ante. Vestibulum ante ipsum primis in faucibus orci luctus et ultrices posuere cubilia Curae; Duis faucibus accumsan odio. Curabitur convallis.

Duis consequat dui nec nisi volutpat eleifend. Donec ut dolor. Morbi vel lectus in quam fringilla rhoncus.','paperback','engineering','good');
INSERT INTO Textbooks(ISBN,YearPublished,Title,Edition,Summary,BookFormat,BookSubject,BookCondition) VALUES ('849061589-6',2003,'id ornare imperdiet sapien',1,'In hac habitasse platea dictumst. Morbi vestibulum, velit id pretium iaculis, diam erat fermentum justo, nec condimentum neque sapien placerat ante. Nulla justo.

Aliquam quis turpis eget elit sodales scelerisque. Mauris sit amet eros. Suspendisse accumsan tortor quis turpis.

Sed ante. Vivamus tortor. Duis mattis egestas metus.','paperback','anthropology','great');
INSERT INTO Textbooks(ISBN,YearPublished,Title,Edition,Summary,BookFormat,BookSubject,BookCondition) VALUES ('917554100-9',2016,'vel',2,'Mauris enim leo, rhoncus sed, vestibulum sit amet, cursus id, turpis. Integer aliquet, massa id lobortis convallis, tortor risus dapibus augue, vel accumsan tellus nisi eu orci. Mauris lacinia sapien quis libero.

Nullam sit amet turpis elementum ligula vehicula consequat. Morbi a ipsum. Integer a nibh.

In quis justo. Maecenas rhoncus aliquam lacus. Morbi quis tortor id nulla ultrices aliquet.','paperback','anthropology','great');
INSERT INTO Textbooks(ISBN,YearPublished,Title,Edition,Summary,BookFormat,BookSubject,BookCondition) VALUES ('823501621-4',1991,'maecenas rhoncus aliquam lacus',3,'Sed sagittis. Nam congue, risus semper porta volutpat, quam pede lobortis ligula, sit amet eleifend pede libero quis orci. Nullam molestie nibh in lectus.','hardcover','psychology','great');
INSERT INTO Textbooks(ISBN,YearPublished,Title,Edition,Summary,BookFormat,BookSubject,BookCondition) VALUES ('989992086-X',2008,'quam a odio in hac habitasse platea',4,'Proin eu mi. Nulla ac enim. In tempor, turpis nec euismod scelerisque, quam turpis adipiscing lorem, vitae mattis nibh ligula nec sem.

Duis aliquam convallis nunc. Proin at turpis a pede posuere nonummy. Integer non velit.','hardcover','psychology','great');
INSERT INTO Textbooks(ISBN,YearPublished,Title,Edition,Summary,BookFormat,BookSubject,BookCondition) VALUES ('951983070-7',2012,'phasellus sit amet erat',4,'Praesent blandit. Nam nulla. Integer pede justo, lacinia eget, tincidunt eget, tempus vel, pede.','paperback','engineering','great');
INSERT INTO Textbooks(ISBN,YearPublished,Title,Edition,Summary,BookFormat,BookSubject,BookCondition) VALUES ('221741826-2',2007,'mauris viverra diam',3,'In sagittis dui vel nisl. Duis ac nibh. Fusce lacus purus, aliquet at, feugiat non, pretium quis, lectus.

Suspendisse potenti. In eleifend quam a odio. In hac habitasse platea dictumst.

Maecenas ut massa quis augue luctus tincidunt. Nulla mollis molestie lorem. Quisque ut erat.','hardcover','anthropology','great');
INSERT INTO Textbooks(ISBN,YearPublished,Title,Edition,Summary,BookFormat,BookSubject,BookCondition) VALUES ('698091466-9',1999,'aliquet',2,'Fusce consequat. Nulla nisl. Nunc nisl.','paperback','anthropology','great');
INSERT INTO Textbooks(ISBN,YearPublished,Title,Edition,Summary,BookFormat,BookSubject,BookCondition) VALUES ('282643231-1',2006,'aenean sit amet justo morbi',3,'Cum sociis natoque penatibus et magnis dis parturient montes, nascetur ridiculus mus. Vivamus vestibulum sagittis sapien. Cum sociis natoque penatibus et magnis dis parturient montes, nascetur ridiculus mus.

Etiam vel augue. Vestibulum rutrum rutrum neque. Aenean auctor gravida sem.','hardcover','business','great');
INSERT INTO Textbooks(ISBN,YearPublished,Title,Edition,Summary,BookFormat,BookSubject,BookCondition) VALUES ('844981107-4',2017,'libero nullam sit amet turpis',3,'In sagittis dui vel nisl. Duis ac nibh. Fusce lacus purus, aliquet at, feugiat non, pretium quis, lectus.','paperback','anthropology','great');
INSERT INTO Textbooks(ISBN,YearPublished,Title,Edition,Summary,BookFormat,BookSubject,BookCondition) VALUES ('486038089-4',1999,'lacus at turpis donec posuere',4,'Sed sagittis. Nam congue, risus semper porta volutpat, quam pede lobortis ligula, sit amet eleifend pede libero quis orci. Nullam molestie nibh in lectus.

Pellentesque at nulla. Suspendisse potenti. Cras in purus eu magna vulputate luctus.','paperback','anthropology','great');
INSERT INTO Textbooks(ISBN,YearPublished,Title,Edition,Summary,BookFormat,BookSubject,BookCondition) VALUES ('855010043-9',2016,'nulla justo aliquam quis turpis eget elit',2,'Mauris enim leo, rhoncus sed, vestibulum sit amet, cursus id, turpis. Integer aliquet, massa id lobortis convallis, tortor risus dapibus augue, vel accumsan tellus nisi eu orci. Mauris lacinia sapien quis libero.

Nullam sit amet turpis elementum ligula vehicula consequat. Morbi a ipsum. Integer a nibh.','paperback','anthropology','great');
INSERT INTO Textbooks(ISBN,YearPublished,Title,Edition,Summary,BookFormat,BookSubject,BookCondition) VALUES ('946229414-3',2015,'diam',1,'Praesent blandit. Nam nulla. Integer pede justo, lacinia eget, tincidunt eget, tempus vel, pede.

Morbi porttitor lorem id ligula. Suspendisse ornare consequat lectus. In est risus, auctor sed, tristique in, tempus sit amet, sem.

Fusce consequat. Nulla nisl. Nunc nisl.','paperback','anthropology','great');
INSERT INTO Textbooks(ISBN,YearPublished,Title,Edition,Summary,BookFormat,BookSubject,BookCondition) VALUES ('401742113-X',1999,'orci',1,'Morbi non lectus. Aliquam sit amet diam in magna bibendum imperdiet. Nullam orci pede, venenatis non, sodales sed, tincidunt eu, felis.','paperback','anthropology','poor');
INSERT INTO Textbooks(ISBN,YearPublished,Title,Edition,Summary,BookFormat,BookSubject,BookCondition) VALUES ('633204103-X',1991,'sed ante vivamus tortor duis mattis egestas',2,'Morbi porttitor lorem id ligula. Suspendisse ornare consequat lectus. In est risus, auctor sed, tristique in, tempus sit amet, sem.

Fusce consequat. Nulla nisl. Nunc nisl.','paperback','engineering','great');
INSERT INTO Textbooks(ISBN,YearPublished,Title,Edition,Summary,BookFormat,BookSubject,BookCondition) VALUES ('870248871-X',2003,'nunc proin at turpis a pede',3,'Etiam vel augue. Vestibulum rutrum rutrum neque. Aenean auctor gravida sem.

Praesent id massa id nisl venenatis lacinia. Aenean sit amet justo. Morbi ut odio.','paperback','psychology','great');
INSERT INTO Textbooks(ISBN,YearPublished,Title,Edition,Summary,BookFormat,BookSubject,BookCondition) VALUES ('041913716-5',2005,'in quam fringilla',4,'Maecenas leo odio, condimentum id, luctus nec, molestie sed, justo. Pellentesque viverra pede ac diam. Cras pellentesque volutpat dui.

Maecenas tristique, est et tempus semper, est quam pharetra magna, ac consequat metus sapien ut nunc. Vestibulum ante ipsum primis in faucibus orci luctus et ultrices posuere cubilia Curae; Mauris viverra diam vitae quam. Suspendisse potenti.

Nullam porttitor lacus at turpis. Donec posuere metus vitae ipsum. Aliquam non mauris.','paperback','anthropology','terrible');
INSERT INTO Textbooks(ISBN,YearPublished,Title,Edition,Summary,BookFormat,BookSubject,BookCondition) VALUES ('610578249-7',1991,'tincidunt in',1,'Aenean lectus. Pellentesque eget nunc. Donec quis orci eget orci vehicula condimentum.','hardcover','anthropology','great');
INSERT INTO Textbooks(ISBN,YearPublished,Title,Edition,Summary,BookFormat,BookSubject,BookCondition) VALUES ('921853860-8',2013,'ac leo pellentesque ultrices mattis',3,'Sed sagittis. Nam congue, risus semper porta volutpat, quam pede lobortis ligula, sit amet eleifend pede libero quis orci. Nullam molestie nibh in lectus.

Pellentesque at nulla. Suspendisse potenti. Cras in purus eu magna vulputate luctus.','hardcover','anthropology','great');
INSERT INTO Textbooks(ISBN,YearPublished,Title,Edition,Summary,BookFormat,BookSubject,BookCondition) VALUES ('222824401-5',2003,'nec sem',3,'Nulla ut erat id mauris vulputate elementum. Nullam varius. Nulla facilisi.','paperback','anthropology','poor');
INSERT INTO Textbooks(ISBN,YearPublished,Title,Edition,Summary,BookFormat,BookSubject,BookCondition) VALUES ('295897117-1',2015,'tincidunt eget tempus',2,'Praesent id massa id nisl venenatis lacinia. Aenean sit amet justo. Morbi ut odio.

Cras mi pede, malesuada in, imperdiet et, commodo vulputate, justo. In blandit ultrices enim. Lorem ipsum dolor sit amet, consectetuer adipiscing elit.

Proin interdum mauris non ligula pellentesque ultrices. Phasellus id sapien in sapien iaculis congue. Vivamus metus arcu, adipiscing molestie, hendrerit at, vulputate vitae, nisl.','paperback','engineering','good');
INSERT INTO Textbooks(ISBN,YearPublished,Title,Edition,Summary,BookFormat,BookSubject,BookCondition) VALUES ('146375745-X',2007,'nullam porttitor lacus at turpis donec',2,'Fusce posuere felis sed lacus. Morbi sem mauris, laoreet ut, rhoncus aliquet, pulvinar sed, nisl. Nunc rhoncus dui vel sem.','paperback','engineering','poor');
INSERT INTO Textbooks(ISBN,YearPublished,Title,Edition,Summary,BookFormat,BookSubject,BookCondition) VALUES ('242279560-9',2009,'erat',3,'Phasellus in felis. Donec semper sapien a libero. Nam dui.

Proin leo odio, porttitor id, consequat in, consequat ut, nulla. Sed accumsan felis. Ut at dolor quis odio consequat varius.','paperback','anthropology','terrible');
INSERT INTO Textbooks(ISBN,YearPublished,Title,Edition,Summary,BookFormat,BookSubject,BookCondition) VALUES ('965198577-1',2010,'libero',2,'In sagittis dui vel nisl. Duis ac nibh. Fusce lacus purus, aliquet at, feugiat non, pretium quis, lectus.

Suspendisse potenti. In eleifend quam a odio. In hac habitasse platea dictumst.

Maecenas ut massa quis augue luctus tincidunt. Nulla mollis molestie lorem. Quisque ut erat.','paperback','anthropology','good');
INSERT INTO Textbooks(ISBN,YearPublished,Title,Edition,Summary,BookFormat,BookSubject,BookCondition) VALUES ('456238628-2',2012,'nam',4,'Donec diam neque, vestibulum eget, vulputate ut, ultrices vel, augue. Vestibulum ante ipsum primis in faucibus orci luctus et ultrices posuere cubilia Curae; Donec pharetra, magna vestibulum aliquet ultrices, erat tortor sollicitudin mi, sit amet lobortis sapien sapien non mi. Integer ac neque.

Duis bibendum. Morbi non quam nec dui luctus rutrum. Nulla tellus.

In sagittis dui vel nisl. Duis ac nibh. Fusce lacus purus, aliquet at, feugiat non, pretium quis, lectus.','hardcover','anthropology','great');
INSERT INTO Textbooks(ISBN,YearPublished,Title,Edition,Summary,BookFormat,BookSubject,BookCondition) VALUES ('397205717-2',1994,'a',4,'Cras mi pede, malesuada in, imperdiet et, commodo vulputate, justo. In blandit ultrices enim. Lorem ipsum dolor sit amet, consectetuer adipiscing elit.

Proin interdum mauris non ligula pellentesque ultrices. Phasellus id sapien in sapien iaculis congue. Vivamus metus arcu, adipiscing molestie, hendrerit at, vulputate vitae, nisl.

Aenean lectus. Pellentesque eget nunc. Donec quis orci eget orci vehicula condimentum.','hardcover','business','terrible');
INSERT INTO Textbooks(ISBN,YearPublished,Title,Edition,Summary,BookFormat,BookSubject,BookCondition) VALUES ('559880391-7',2001,'quis libero nullam sit',4,'Duis aliquam convallis nunc. Proin at turpis a pede posuere nonummy. Integer non velit.','hardcover','engineering','poor');
INSERT INTO Textbooks(ISBN,YearPublished,Title,Edition,Summary,BookFormat,BookSubject,BookCondition) VALUES ('152537447-8',2002,'ipsum dolor',2,'Mauris enim leo, rhoncus sed, vestibulum sit amet, cursus id, turpis. Integer aliquet, massa id lobortis convallis, tortor risus dapibus augue, vel accumsan tellus nisi eu orci. Mauris lacinia sapien quis libero.

Nullam sit amet turpis elementum ligula vehicula consequat. Morbi a ipsum. Integer a nibh.','hardcover','psychology','terrible');
INSERT INTO Textbooks(ISBN,YearPublished,Title,Edition,Summary,BookFormat,BookSubject,BookCondition) VALUES ('793803377-4',1995,'est quam pharetra magna ac',4,'Donec diam neque, vestibulum eget, vulputate ut, ultrices vel, augue. Vestibulum ante ipsum primis in faucibus orci luctus et ultrices posuere cubilia Curae; Donec pharetra, magna vestibulum aliquet ultrices, erat tortor sollicitudin mi, sit amet lobortis sapien sapien non mi. Integer ac neque.

Duis bibendum. Morbi non quam nec dui luctus rutrum. Nulla tellus.

In sagittis dui vel nisl. Duis ac nibh. Fusce lacus purus, aliquet at, feugiat non, pretium quis, lectus.','paperback','engineering','great');
INSERT INTO Textbooks(ISBN,YearPublished,Title,Edition,Summary,BookFormat,BookSubject,BookCondition) VALUES ('953458566-1',2017,'ligula pellentesque ultrices phasellus id sapien',3,'Praesent id massa id nisl venenatis lacinia. Aenean sit amet justo. Morbi ut odio.','paperback','engineering','great');
INSERT INTO Textbooks(ISBN,YearPublished,Title,Edition,Summary,BookFormat,BookSubject,BookCondition) VALUES ('471835215-0',2004,'maecenas leo odio condimentum id luctus nec molestie',4,'Maecenas tristique, est et tempus semper, est quam pharetra magna, ac consequat metus sapien ut nunc. Vestibulum ante ipsum primis in faucibus orci luctus et ultrices posuere cubilia Curae; Mauris viverra diam vitae quam. Suspendisse potenti.

Nullam porttitor lacus at turpis. Donec posuere metus vitae ipsum. Aliquam non mauris.','hardcover','psychology','poor');
INSERT INTO Textbooks(ISBN,YearPublished,Title,Edition,Summary,BookFormat,BookSubject,BookCondition) VALUES ('485434484-9',1993,'odio donec vitae nisi nam ultrices',4,'Nam ultrices, libero non mattis pulvinar, nulla pede ullamcorper augue, a suscipit nulla elit ac nulla. Sed vel enim sit amet nunc viverra dapibus. Nulla suscipit ligula in lacus.','hardcover','anthropology','good');
INSERT INTO Textbooks(ISBN,YearPublished,Title,Edition,Summary,BookFormat,BookSubject,BookCondition) VALUES ('553646229-6',1991,'justo pellentesque viverra pede ac diam cras',3,'Proin eu mi. Nulla ac enim. In tempor, turpis nec euismod scelerisque, quam turpis adipiscing lorem, vitae.

Duis aliquam convallis nunc. Proin at turpis a pede posuere nonummy. Integer non velit.

Donec diam neque, vestibulum eget, vulputate ut, ultrices vel, augue. Vestibulum ante ipsum primis in faucibus orci luctus et ultrices posuere cubilia Curae; Donec pharetra, magna vestibulum aliquet ultrices, erat tortor sollicitudin mi, sit amet lobortis sapien sapien non mi. Integer ac neque.','hardcover','anthropology','good');
INSERT INTO Textbooks(ISBN,YearPublished,Title,Edition,Summary,BookFormat,BookSubject,BookCondition) VALUES ('679463085-0',1996,'dignissim vestibulum vestibulum',1,'Maecenas leo odio, condimentum id, luctus nec, molestie sed, justo. Pellentesque viverra pede ac diam. Cras pellentesque volutpat dui.','hardcover','engineering','great');
INSERT INTO Textbooks(ISBN,YearPublished,Title,Edition,Summary,BookFormat,BookSubject,BookCondition) VALUES ('367725719-0',1995,'proin leo odio porttitor id',1,'Maecenas ut massa quis augue luctus tincidunt. Nulla mollis molestie lorem. Quisque ut erat.

Curabitur gravida nisi at nibh. In hac habitasse platea dictumst. Aliquam augue quam, sollicitudin vitae, consectetuer eget, rutrum at, lorem.

Integer tincidunt ante vel ipsum. Praesent blandit lacinia erat. Vestibulum sed magna at nunc commodo placerat.','hardcover','anthropology','terrible');
INSERT INTO Textbooks(ISBN,YearPublished,Title,Edition,Summary,BookFormat,BookSubject,BookCondition) VALUES ('901660421-9',2003,'at turpis a pede posuere nonummy',1,'Aliquam quis turpis eget elit sodales scelerisque. Mauris sit amet eros. Suspendisse accumsan tortor quis turpis.

Sed ante. Vivamus tortor. Duis mattis egestas metus.

Aenean fermentum. Donec ut mauris eget massa tempor convallis. Nulla neque libero, convallis eget, eleifend luctus, ultricies eu, nibh.','paperback','anthropology','great');
INSERT INTO Textbooks(ISBN,YearPublished,Title,Edition,Summary,BookFormat,BookSubject,BookCondition) VALUES ('242290486-6',2010,'nascetur',1,'In hac habitasse platea dictumst. Morbi vestibulum, velit id pretium iaculis, diam erat fermentum justo, nec condimentum neque sapien placerat ante. Nulla justo.

Aliquam quis turpis eget elit sodales scelerisque. Mauris sit amet eros. Suspendisse accumsan tortor quis turpis.','hardcover','anthropology','poor');
INSERT INTO Textbooks(ISBN,YearPublished,Title,Edition,Summary,BookFormat,BookSubject,BookCondition) VALUES ('912113511-8',1998,'pede venenatis non sodales sed tincidunt eu',4,'Duis bibendum. Morbi non quam nec dui luctus rutrum. Nulla tellus.

In sagittis dui vel nisl. Duis ac nibh. Fusce lacus purus, aliquet at, feugiat non, pretium quis, lectus.','paperback','anthropology','great');
INSERT INTO Textbooks(ISBN,YearPublished,Title,Edition,Summary,BookFormat,BookSubject,BookCondition) VALUES ('052336608-6',2009,'consequat metus sapien ut nunc vestibulum ante ipsum',3,'Aliquam quis turpis eget elit sodales scelerisque. Mauris sit amet eros. Suspendisse accumsan tortor quis turpis.

Sed ante. Vivamus tortor. Duis mattis egestas metus.','hardcover','philosophy','great');

-- Tags
INSERT INTO Tags(ISBN,Tag) VALUES ('870248871-X','advanced');
INSERT INTO Tags(ISBN,Tag) VALUES ('242290486-6','beginner');
INSERT INTO Tags(ISBN,Tag) VALUES ('601760127-X','easy read');
INSERT INTO Tags(ISBN,Tag) VALUES ('901660421-9','outdated');
INSERT INTO Tags(ISBN,Tag) VALUES ('052336608-6','online materials included');
INSERT INTO Tags(ISBN,Tag) VALUES ('486038089-4','practice problems');
INSERT INTO Tags(ISBN,Tag) VALUES ('344589391-8','online videos');
INSERT INTO Tags(ISBN,Tag) VALUES ('823501621-4','interesting');
INSERT INTO Tags(ISBN,Tag) VALUES ('152537447-8','editor''s choice');
INSERT INTO Tags(ISBN,Tag) VALUES ('901660421-9','must read');
INSERT INTO Tags(ISBN,Tag) VALUES ('823501621-4','intermediate');
INSERT INTO Tags(ISBN,Tag) VALUES ('953458566-1','introductory');
INSERT INTO Tags(ISBN,Tag) VALUES ('965198577-1','test preparation');
INSERT INTO Tags(ISBN,Tag) VALUES ('242290486-6','advanced');
INSERT INTO Tags(ISBN,Tag) VALUES ('917554100-9','beginner');
INSERT INTO Tags(ISBN,Tag) VALUES ('199160874-8','easy read');
INSERT INTO Tags(ISBN,Tag) VALUES ('698091466-9','outdated');
INSERT INTO Tags(ISBN,Tag) VALUES ('855010043-9','online materials included');
INSERT INTO Tags(ISBN,Tag) VALUES ('917554100-9','practice problems');
INSERT INTO Tags(ISBN,Tag) VALUES ('445068598-9','online videos');
INSERT INTO Tags(ISBN,Tag) VALUES ('855010043-9','interesting');
INSERT INTO Tags(ISBN,Tag) VALUES ('618959041-1','editor''s choice');
INSERT INTO Tags(ISBN,Tag) VALUES ('282643231-1','must read');
INSERT INTO Tags(ISBN,Tag) VALUES ('397205717-2','intermediate');
INSERT INTO Tags(ISBN,Tag) VALUES ('946229414-3','introductory');
INSERT INTO Tags(ISBN,Tag) VALUES ('146375745-X','test preparation');
INSERT INTO Tags(ISBN,Tag) VALUES ('486038089-4','advanced');
INSERT INTO Tags(ISBN,Tag) VALUES ('793803377-4','beginner');
INSERT INTO Tags(ISBN,Tag) VALUES ('485434484-9','easy read');
INSERT INTO Tags(ISBN,Tag) VALUES ('768649197-8','outdated');
INSERT INTO Tags(ISBN,Tag) VALUES ('401742113-X','online materials included');
INSERT INTO Tags(ISBN,Tag) VALUES ('719980671-X','practice problems');
INSERT INTO Tags(ISBN,Tag) VALUES ('242290486-6','online videos');
INSERT INTO Tags(ISBN,Tag) VALUES ('946229414-3','interesting');
INSERT INTO Tags(ISBN,Tag) VALUES ('866217826-X','editor''s choice');
INSERT INTO Tags(ISBN,Tag) VALUES ('367725719-0','must read');
INSERT INTO Tags(ISBN,Tag) VALUES ('146375745-X','intermediate');
INSERT INTO Tags(ISBN,Tag) VALUES ('679463085-0','introductory');
INSERT INTO Tags(ISBN,Tag) VALUES ('844981107-4','test preparation');
INSERT INTO Tags(ISBN,Tag) VALUES ('041913716-5','advanced');
INSERT INTO Tags(ISBN,Tag) VALUES ('633204103-X','beginner');
INSERT INTO Tags(ISBN,Tag) VALUES ('793803377-4','easy read');
INSERT INTO Tags(ISBN,Tag) VALUES ('222824401-5','outdated');
INSERT INTO Tags(ISBN,Tag) VALUES ('951983070-7','online materials included');
INSERT INTO Tags(ISBN,Tag) VALUES ('397205717-2','practice problems');
INSERT INTO Tags(ISBN,Tag) VALUES ('401742113-X','online videos');
INSERT INTO Tags(ISBN,Tag) VALUES ('849061589-6','interesting');
INSERT INTO Tags(ISBN,Tag) VALUES ('559880391-7','editor''s choice');
INSERT INTO Tags(ISBN,Tag) VALUES ('242290486-6','must read');
INSERT INTO Tags(ISBN,Tag) VALUES ('637385927-4','intermediate');


-- Authors
INSERT INTO Authors(AuthorID,FirstName,LastName,Bio) VALUES ('Jy8Fl09F30','Petrina','Leathart','In congue. Etiam justo. Etiam pretium iaculis justo.');
INSERT INTO Authors(AuthorID,FirstName,LastName,Bio) VALUES ('sH2O868225','Colby','Gapper','Maecenas ut massa quis augue luctus tincidunt. Nulla mollis molestie lorem. Quisque ut erat.');
INSERT INTO Authors(AuthorID,FirstName,LastName,Bio) VALUES ('4CQ2n5m412','Brande','Peppard','Fusce consequat. Nulla nisl. Nunc nisl.');
INSERT INTO Authors(AuthorID,FirstName,LastName,Bio) VALUES ('8j73h363Ah','Trueman','Hoopper','Maecenas ut massa quis augue luctus tincidunt. Nulla mollis molestie lorem. Quisque ut erat.');
INSERT INTO Authors(AuthorID,FirstName,LastName,Bio) VALUES ('OY3489z9Kp','Jamima','Jobbing','Maecenas leo odio, condimentum id, luctus nec, molestie sed, justo. Pellentesque viverra pede ac diam. Cras pellentesque volutpat dui.');
INSERT INTO Authors(AuthorID,FirstName,LastName,Bio) VALUES ('uKU7l3o6D2','York','Speddin','Nam ultrices, libero non mattis pulvinar, nulla pede ullamcorper augue, a suscipit nulla elit ac nulla. Sed vel enim sit amet nunc viverra dapibus. Nulla suscipit ligula in lacus.');
INSERT INTO Authors(AuthorID,FirstName,LastName,Bio) VALUES ('42mKI83ig1','Julee','Kas','Sed sagittis. Nam congue, risus semper porta volutpat, quam pede lobortis ligula, sit amet eleifend pede libero quis orci. Nullam molestie nibh in lectus.');
INSERT INTO Authors(AuthorID,FirstName,LastName,Bio) VALUES ('n2aZ268ew1','Harriott','Glassman','Cras mi pede, malesuada in, imperdiet et, commodo vulputate, justo. In blandit ultrices enim. Lorem ipsum dolor sit amet, consectetuer adipiscing elit.');
INSERT INTO Authors(AuthorID,FirstName,LastName,Bio) VALUES ('0BfyrI6877','Tandi','Mulqueeny','Sed sagittis. Nam congue, risus semper porta volutpat, quam pede lobortis ligula, sit amet eleifend pede libero quis orci. Nullam molestie nibh in lectus.');
INSERT INTO Authors(AuthorID,FirstName,LastName,Bio) VALUES ('Yx6l82KL79','Fergus','Arthey','Nullam sit amet turpis elementum ligula vehicula consequat. Morbi a ipsum. Integer a nibh.');
INSERT INTO Authors(AuthorID,FirstName,LastName,Bio) VALUES ('413q9s6OqP','Gwendolyn','Bicknell','Vestibulum quam sapien, varius ut, blandit non, interdum in, ante. Vestibulum ante ipsum primis in faucibus orci luctus et ultrices posuere cubilia Curae; Duis faucibus accumsan odio. Curabitur convallis.');
INSERT INTO Authors(AuthorID,FirstName,LastName,Bio) VALUES ('ipD86S276J','Mycah','Spenley','Duis aliquam convallis nunc. Proin at turpis a pede posuere nonummy. Integer non velit.');
INSERT INTO Authors(AuthorID,FirstName,LastName,Bio) VALUES ('R5985h26zO','Corry','Kollaschek','Aliquam quis turpis eget elit sodales scelerisque. Mauris sit amet eros. Suspendisse accumsan tortor quis turpis.');
INSERT INTO Authors(AuthorID,FirstName,LastName,Bio) VALUES ('5DJA3ZH6l4','Vonnie','Ivie','Curabitur at ipsum ac tellus semper interdum. Mauris ullamcorper purus sit amet nulla. Quisque arcu libero, rutrum ac, lobortis vel, dapibus at, diam.');
INSERT INTO Authors(AuthorID,FirstName,LastName,Bio) VALUES ('C7Tzxa6g59','Janice','D''Aguanno','Quisque porta volutpat erat. Quisque erat eros, viverra eget, congue eget, semper rutrum, nulla. Nunc purus.');
INSERT INTO Authors(AuthorID,FirstName,LastName,Bio) VALUES ('0xEISY0i5e','Thalia','Heddy','Duis aliquam convallis nunc. Proin at turpis a pede posuere nonummy. Integer non velit.');
INSERT INTO Authors(AuthorID,FirstName,LastName,Bio) VALUES ('vws3t6TDgX','Binni','Deavin','Fusce consequat. Nulla nisl. Nunc nisl.');
INSERT INTO Authors(AuthorID,FirstName,LastName,Bio) VALUES ('1zEH3A7hh1','Jarrod','Stinton','Phasellus in felis. Donec semper sapien a libero. Nam dui.');
INSERT INTO Authors(AuthorID,FirstName,LastName,Bio) VALUES ('965u3911lM','Peterus','Rainford','Suspendisse potenti. In eleifend quam a odio. In hac habitasse platea dictumst.');
INSERT INTO Authors(AuthorID,FirstName,LastName,Bio) VALUES ('nypA5693Ac','Bobby','Irlam','Vestibulum ac est lacinia nisi venenatis tristique. Fusce congue, diam id ornare imperdiet, sapien urna pretium nisl, ut volutpat sapien arcu sed augue. Aliquam erat volutpat.');
INSERT INTO Authors(AuthorID,FirstName,LastName,Bio) VALUES ('Nujvw4p5RN','Jacquelynn','Foote','Vestibulum ac est lacinia nisi venenatis tristique. Fusce congue, diam id ornare imperdiet, sapien urna pretium nisl, ut volutpat sapien arcu sed augue. Aliquam erat volutpat.');
INSERT INTO Authors(AuthorID,FirstName,LastName,Bio) VALUES ('03NzuZ0838','Bing','Santore','Vestibulum quam sapien, varius ut, blandit non, interdum in, ante. Vestibulum ante ipsum primis in faucibus orci luctus et ultrices posuere cubilia Curae; Duis faucibus accumsan odio. Curabitur convallis.');
INSERT INTO Authors(AuthorID,FirstName,LastName,Bio) VALUES ('pZ20X37095','Silva','Assinder','Quisque porta volutpat erat. Quisque erat eros, viverra eget, congue eget, semper rutrum, nulla. Nunc purus.');
INSERT INTO Authors(AuthorID,FirstName,LastName,Bio) VALUES ('Qj35xgg80t','Evangelia','Monni','Sed ante. Vivamus tortor. Duis mattis egestas metus.');
INSERT INTO Authors(AuthorID,FirstName,LastName,Bio) VALUES ('22t1121pNm','Auberon','Kiefer','Sed sagittis. Nam congue, risus semper porta volutpat, quam pede lobortis ligula, sit amet eleifend pede libero quis orci. Nullam molestie nibh in lectus.');
INSERT INTO Authors(AuthorID,FirstName,LastName,Bio) VALUES ('pS2Q01yc35','Saxon','Britton','Curabitur in libero ut massa volutpat convallis. Morbi odio odio, elementum eu, interdum eu, tincidunt in, leo. Maecenas pulvinar lobortis est.');
INSERT INTO Authors(AuthorID,FirstName,LastName,Bio) VALUES ('8KJ4V53cal','Ann','Haggie','Pellentesque at nulla. Suspendisse potenti. Cras in purus eu magna vulputate luctus.');
INSERT INTO Authors(AuthorID,FirstName,LastName,Bio) VALUES ('YQSP3bafRQ','Elwyn','Nazer','Maecenas ut massa quis augue luctus tincidunt. Nulla mollis molestie lorem. Quisque ut erat.');
INSERT INTO Authors(AuthorID,FirstName,LastName,Bio) VALUES ('13v9pmXppH','Whitman','Roskam','Aliquam quis turpis eget elit sodales scelerisque. Mauris sit amet eros. Suspendisse accumsan tortor quis turpis.');
INSERT INTO Authors(AuthorID,FirstName,LastName,Bio) VALUES ('0Z3LUvHBg5','Dougy','Binny','Fusce posuere felis sed lacus. Morbi sem mauris, laoreet ut, rhoncus aliquet, pulvinar sed, nisl. Nunc rhoncus dui vel sem.');
INSERT INTO Authors(AuthorID,FirstName,LastName,Bio) VALUES ('Nlm91nwvDG','Elihu','Midgely','Duis aliquam convallis nunc. Proin at turpis a pede posuere nonummy. Integer non velit.');
INSERT INTO Authors(AuthorID,FirstName,LastName,Bio) VALUES ('GLf7V47O45','Thomas','Wrinch','Nam ultrices, libero non mattis pulvinar, nulla pede ullamcorper augue, a suscipit nulla elit ac nulla. Sed vel enim sit amet nunc viverra dapibus. Nulla suscipit ligula in lacus.');
INSERT INTO Authors(AuthorID,FirstName,LastName,Bio) VALUES ('5l71v02354','Jackie','Tod','Maecenas tristique, est et tempus semper, est quam pharetra magna, ac consequat metus sapien ut nunc. Vestibulum ante ipsum primis in faucibus orci luctus et ultrices posuere cubilia Curae; Mauris viverra diam vitae quam. Suspendisse potenti.');
INSERT INTO Authors(AuthorID,FirstName,LastName,Bio) VALUES ('QC88S25u2m','Lizzy','Tother','Integer tincidunt ante vel ipsum. Praesent blandit lacinia erat. Vestibulum sed magna at nunc commodo placerat.');
INSERT INTO Authors(AuthorID,FirstName,LastName,Bio) VALUES ('J763Gx54OR','Constantin','Roderigo','Curabitur gravida nisi at nibh. In hac habitasse platea dictumst. Aliquam augue quam, sollicitudin vitae, consectetuer eget, rutrum at, lorem.');
INSERT INTO Authors(AuthorID,FirstName,LastName,Bio) VALUES ('128U1I0htP','Shae','Ethelston','Maecenas tristique, est et tempus semper, est quam pharetra magna, ac consequat metus sapien ut nunc. Vestibulum ante ipsum primis in faucibus orci luctus et ultrices posuere cubilia Curae; Mauris viverra diam vitae quam. Suspendisse potenti.');
INSERT INTO Authors(AuthorID,FirstName,LastName,Bio) VALUES ('JwNK05J484','Robinett','Maly','Proin leo odio, porttitor id, consequat in, consequat ut, nulla. Sed accumsan felis. Ut at dolor quis odio consequat varius.');
INSERT INTO Authors(AuthorID,FirstName,LastName,Bio) VALUES ('073P1bxesP','Aubry','January','Integer ac leo. Pellentesque ultrices mattis odio. Donec vitae nisi.');
INSERT INTO Authors(AuthorID,FirstName,LastName,Bio) VALUES ('G8e62B77B0','Flinn','O''Leary','Aenean lectus. Pellentesque eget nunc. Donec quis orci eget orci vehicula condimentum.');
INSERT INTO Authors(AuthorID,FirstName,LastName,Bio) VALUES ('1U87DYWQ5r','Beverley','Stut','Curabitur in libero ut massa volutpat convallis. Morbi odio odio, elementum eu, interdum eu, tincidunt in, leo. Maecenas pulvinar lobortis est.');
INSERT INTO Authors(AuthorID,FirstName,LastName,Bio) VALUES ('8O9k904l44','Penelopa','Woodburne','Quisque porta volutpat erat. Quisque erat eros, viverra eget, congue eget, semper rutrum, nulla. Nunc purus.');
INSERT INTO Authors(AuthorID,FirstName,LastName,Bio) VALUES ('sLG89uI280','Elsey','Bickardike','Etiam vel augue. Vestibulum rutrum rutrum neque. Aenean auctor gravida sem.');
INSERT INTO Authors(AuthorID,FirstName,LastName,Bio) VALUES ('9k58F61Xk0','Juan','Hackly','In quis justo. Maecenas rhoncus aliquam lacus. Morbi quis tortor id nulla ultrices aliquet.');
INSERT INTO Authors(AuthorID,FirstName,LastName,Bio) VALUES ('T785r71z63','Ernesta','Dutson','Aenean lectus. Pellentesque eget nunc. Donec quis orci eget orci vehicula condimentum.');
INSERT INTO Authors(AuthorID,FirstName,LastName,Bio) VALUES ('iOpRx97S57','Lishe','Stilldale','Pellentesque at nulla. Suspendisse potenti. Cras in purus eu magna vulputate luctus.');
INSERT INTO Authors(AuthorID,FirstName,LastName,Bio) VALUES ('6t09sh9z23','Caryn','Hanselmann','Vestibulum quam sapien, varius ut, blandit non, interdum in, ante. Vestibulum ante ipsum primis in faucibus orci luctus et ultrices posuere cubilia Curae; Duis faucibus accumsan odio. Curabitur convallis.');
INSERT INTO Authors(AuthorID,FirstName,LastName,Bio) VALUES ('25g5q47SRW','Tanitansy','Garbutt','Fusce consequat. Nulla nisl. Nunc nisl.');
INSERT INTO Authors(AuthorID,FirstName,LastName,Bio) VALUES ('V43q4I8J09','Sayers','Pearcey','Lorem ipsum dolor sit amet, consectetuer adipiscing elit. Proin risus. Praesent lectus.');
INSERT INTO Authors(AuthorID,FirstName,LastName,Bio) VALUES ('b6Z9i2069d','Mart','Wealthall','Cum sociis natoque penatibus et magnis dis parturient montes, nascetur ridiculus mus. Vivamus vestibulum sagittis sapien. Cum sociis natoque penatibus et magnis dis parturient montes, nascetur ridiculus mus.');
INSERT INTO Authors(AuthorID,FirstName,LastName,Bio) VALUES ('dMiu09500h','Kinnie','Hunnybun','Nullam sit amet turpis elementum ligula vehicula consequat. Morbi a ipsum. Integer a nibh.');


-- Author Details
INSERT INTO AuthorDetails(AuthorId,ISBN) VALUES ('5l71v02354','344589391-8');
INSERT INTO AuthorDetails(AuthorId,ISBN) VALUES ('5DJA3ZH6l4','618959041-1');
INSERT INTO AuthorDetails(AuthorId,ISBN) VALUES ('uKU7l3o6D2','719980671-X');
INSERT INTO AuthorDetails(AuthorId,ISBN) VALUES ('OY3489z9Kp','913801521-8');
INSERT INTO AuthorDetails(AuthorId,ISBN) VALUES ('128U1I0htP','768649197-8');
INSERT INTO AuthorDetails(AuthorId,ISBN) VALUES ('ipD86S276J','809037741-6');
INSERT INTO AuthorDetails(AuthorId,ISBN) VALUES ('9k58F61Xk0','199160874-8');
INSERT INTO AuthorDetails(AuthorId,ISBN) VALUES ('965u3911lM','543966069-0');
INSERT INTO AuthorDetails(AuthorId,ISBN) VALUES ('128U1I0htP','601760127-X');
INSERT INTO AuthorDetails(AuthorId,ISBN) VALUES ('4CQ2n5m412','445068598-9');
INSERT INTO AuthorDetails(AuthorId,ISBN) VALUES ('YQSP3bafRQ','637385927-4');
INSERT INTO AuthorDetails(AuthorId,ISBN) VALUES ('ipD86S276J','866217826-X');
INSERT INTO AuthorDetails(AuthorId,ISBN) VALUES ('Nlm91nwvDG','849061589-6');
INSERT INTO AuthorDetails(AuthorId,ISBN) VALUES ('iOpRx97S57','917554100-9');
INSERT INTO AuthorDetails(AuthorId,ISBN) VALUES ('0xEISY0i5e','823501621-4');
INSERT INTO AuthorDetails(AuthorId,ISBN) VALUES ('0Z3LUvHBg5','989992086-X');
INSERT INTO AuthorDetails(AuthorId,ISBN) VALUES ('V43q4I8J09','951983070-7');
INSERT INTO AuthorDetails(AuthorId,ISBN) VALUES ('42mKI83ig1','221741826-2');
INSERT INTO AuthorDetails(AuthorId,ISBN) VALUES ('42mKI83ig1','698091466-9');
INSERT INTO AuthorDetails(AuthorId,ISBN) VALUES ('13v9pmXppH','282643231-1');
INSERT INTO AuthorDetails(AuthorId,ISBN) VALUES ('5DJA3ZH6l4','844981107-4');
INSERT INTO AuthorDetails(AuthorId,ISBN) VALUES ('Jy8Fl09F30','486038089-4');
INSERT INTO AuthorDetails(AuthorId,ISBN) VALUES ('T785r71z63','855010043-9');
INSERT INTO AuthorDetails(AuthorId,ISBN) VALUES ('dMiu09500h','946229414-3');
INSERT INTO AuthorDetails(AuthorId,ISBN) VALUES ('1U87DYWQ5r','401742113-X');
INSERT INTO AuthorDetails(AuthorId,ISBN) VALUES ('pZ20X37095','633204103-X');
INSERT INTO AuthorDetails(AuthorId,ISBN) VALUES ('YQSP3bafRQ','870248871-X');
INSERT INTO AuthorDetails(AuthorId,ISBN) VALUES ('OY3489z9Kp','041913716-5');
INSERT INTO AuthorDetails(AuthorId,ISBN) VALUES ('22t1121pNm','610578249-7');
INSERT INTO AuthorDetails(AuthorId,ISBN) VALUES ('Qj35xgg80t','921853860-8');
INSERT INTO AuthorDetails(AuthorId,ISBN) VALUES ('073P1bxesP','222824401-5');
INSERT INTO AuthorDetails(AuthorId,ISBN) VALUES ('8j73h363Ah','295897117-1');
INSERT INTO AuthorDetails(AuthorId,ISBN) VALUES ('n2aZ268ew1','146375745-X');
INSERT INTO AuthorDetails(AuthorId,ISBN) VALUES ('iOpRx97S57','242279560-9');
INSERT INTO AuthorDetails(AuthorId,ISBN) VALUES ('073P1bxesP','965198577-1');
INSERT INTO AuthorDetails(AuthorId,ISBN) VALUES ('Qj35xgg80t','456238628-2');
INSERT INTO AuthorDetails(AuthorId,ISBN) VALUES ('b6Z9i2069d','397205717-2');
INSERT INTO AuthorDetails(AuthorId,ISBN) VALUES ('iOpRx97S57','559880391-7');
INSERT INTO AuthorDetails(AuthorId,ISBN) VALUES ('sH2O868225','152537447-8');
INSERT INTO AuthorDetails(AuthorId,ISBN) VALUES ('vws3t6TDgX','793803377-4');
INSERT INTO AuthorDetails(AuthorId,ISBN) VALUES ('42mKI83ig1','953458566-1');
INSERT INTO AuthorDetails(AuthorId,ISBN) VALUES ('0Z3LUvHBg5','471835215-0');
INSERT INTO AuthorDetails(AuthorId,ISBN) VALUES ('128U1I0htP','485434484-9');
INSERT INTO AuthorDetails(AuthorId,ISBN) VALUES ('42mKI83ig1','553646229-6');
INSERT INTO AuthorDetails(AuthorId,ISBN) VALUES ('YQSP3bafRQ','679463085-0');
INSERT INTO AuthorDetails(AuthorId,ISBN) VALUES ('b6Z9i2069d','367725719-0');
INSERT INTO AuthorDetails(AuthorId,ISBN) VALUES ('Jy8Fl09F30','901660421-9');
INSERT INTO AuthorDetails(AuthorId,ISBN) VALUES ('QC88S25u2m','242290486-6');
INSERT INTO AuthorDetails(AuthorId,ISBN) VALUES ('OY3489z9Kp','912113511-8');
INSERT INTO AuthorDetails(AuthorId,ISBN) VALUES ('uKU7l3o6D2','052336608-6');
INSERT INTO AuthorDetails(AuthorId,ISBN) VALUES ('13v9pmXppH','344589391-8');
INSERT INTO AuthorDetails(AuthorId,ISBN) VALUES ('QC88S25u2m','618959041-1');
INSERT INTO AuthorDetails(AuthorId,ISBN) VALUES ('nypA5693Ac','719980671-X');
INSERT INTO AuthorDetails(AuthorId,ISBN) VALUES ('G8e62B77B0','913801521-8');
INSERT INTO AuthorDetails(AuthorId,ISBN) VALUES ('22t1121pNm','768649197-8');
INSERT INTO AuthorDetails(AuthorId,ISBN) VALUES ('4CQ2n5m412','809037741-6');
INSERT INTO AuthorDetails(AuthorId,ISBN) VALUES ('25g5q47SRW','199160874-8');
INSERT INTO AuthorDetails(AuthorId,ISBN) VALUES ('0Z3LUvHBg5','543966069-0');
INSERT INTO AuthorDetails(AuthorId,ISBN) VALUES ('1zEH3A7hh1','601760127-X');
INSERT INTO AuthorDetails(AuthorId,ISBN) VALUES ('YQSP3bafRQ','445068598-9');
INSERT INTO AuthorDetails(AuthorId,ISBN) VALUES ('iOpRx97S57','637385927-4');
INSERT INTO AuthorDetails(AuthorId,ISBN) VALUES ('Nujvw4p5RN','866217826-X');
INSERT INTO AuthorDetails(AuthorId,ISBN) VALUES ('03NzuZ0838','849061589-6');
INSERT INTO AuthorDetails(AuthorId,ISBN) VALUES ('T785r71z63','917554100-9');
INSERT INTO AuthorDetails(AuthorId,ISBN) VALUES ('V43q4I8J09','823501621-4');
INSERT INTO AuthorDetails(AuthorId,ISBN) VALUES ('8j73h363Ah','989992086-X');
INSERT INTO AuthorDetails(AuthorId,ISBN) VALUES ('vws3t6TDgX','951983070-7');
INSERT INTO AuthorDetails(AuthorId,ISBN) VALUES ('Qj35xgg80t','221741826-2');
INSERT INTO AuthorDetails(AuthorId,ISBN) VALUES ('sH2O868225','698091466-9');
INSERT INTO AuthorDetails(AuthorId,ISBN) VALUES ('C7Tzxa6g59','282643231-1');
INSERT INTO AuthorDetails(AuthorId,ISBN) VALUES ('nypA5693Ac','844981107-4');
INSERT INTO AuthorDetails(AuthorId,ISBN) VALUES ('5DJA3ZH6l4','486038089-4');
INSERT INTO AuthorDetails(AuthorId,ISBN) VALUES ('GLf7V47O45','855010043-9');
INSERT INTO AuthorDetails(AuthorId,ISBN) VALUES ('25g5q47SRW','946229414-3');
INSERT INTO AuthorDetails(AuthorId,ISBN) VALUES ('22t1121pNm','401742113-X');


-- Users
INSERT INTO Users(UserId,Email,FirstName,LastName,Street,City,State,Zip) VALUES ('JSy8h8pTvE','lpipkin0@unesco.org','Lexine','Pipkin','69459 Blackbird Avenue','Buffalo','NY',68759);
INSERT INTO Users(UserId,Email,FirstName,LastName,Street,City,State,Zip) VALUES ('0Mg864B288','jledger1@gov.uk','Julie','Ledger','59309 Lunder Crossing','Topeka','KS',33764);
INSERT INTO Users(UserId,Email,FirstName,LastName,Street,City,State,Zip) VALUES ('96698Wb74M','selloy2@squidoo.com','Sarene','Elloy','1 Burrows Avenue','Jacksonville','FL',18398);
INSERT INTO Users(UserId,Email,FirstName,LastName,Street,City,State,Zip) VALUES ('uj7536phg4','wcomer3@printfriendly.com','Winfield','Comer','464 1st Terrace','Baltimore','MD',16525);
INSERT INTO Users(UserId,Email,FirstName,LastName,Street,City,State,Zip) VALUES ('Dv3KJDR225','igodmer4@imageshack.us','Iago','Godmer','70617 Waxwing Trail','Santa Rosa','CA',27571);
INSERT INTO Users(UserId,Email,FirstName,LastName,Street,City,State,Zip) VALUES ('1O31w54KN6','ubreslane5@wired.com','Urbano','Breslane','30164 Fulton Lane','Montgomery','AL',82779);
INSERT INTO Users(UserId,Email,FirstName,LastName,Street,City,State,Zip) VALUES ('VwtVwk0TZz','sdoles6@tmall.com','Sonnnie','Doles','49 Crescent Oaks Crossing','Philadelphia','PA',12733);
INSERT INTO Users(UserId,Email,FirstName,LastName,Street,City,State,Zip) VALUES ('19Un5rT30j','bmcillrick7@edublogs.org','Brena','McIllrick','63 Morrow Junction','Cedar Rapids','IA',14614);
INSERT INTO Users(UserId,Email,FirstName,LastName,Street,City,State,Zip) VALUES ('3Wp82q8KoF','ileinthall8@sina.com.cn','Irita','Leinthall','421 Bayside Circle','Santa Ana','CA',39418);
INSERT INTO Users(UserId,Email,FirstName,LastName,Street,City,State,Zip) VALUES ('06r88wUYbw','sjovovic9@oracle.com','Sid','Jovovic','789 Northfield Center','Lafayette','LA',16601);
INSERT INTO Users(UserId,Email,FirstName,LastName,Street,City,State,Zip) VALUES ('X30diX987R','rmcgarviea@mozilla.org','Rickie','McGarvie','23 Bobwhite Avenue','Buffalo','NY',92906);
INSERT INTO Users(UserId,Email,FirstName,LastName,Street,City,State,Zip) VALUES ('2CDMQPFF2m','livanyukovb@godaddy.com','Lemmie','Ivanyukov','51745 Hauk Point','San Diego','CA',34724);
INSERT INTO Users(UserId,Email,FirstName,LastName,Street,City,State,Zip) VALUES ('z5t1w226lZ','nduffitc@4shared.com','Nancie','Duffit','442 Veith Parkway','Indianapolis','IN',57639);
INSERT INTO Users(UserId,Email,FirstName,LastName,Street,City,State,Zip) VALUES ('2hVz6h97Hg','pbirtchnelld@timesonline.co.uk','Peggie','Birtchnell','780 Carberry Trail','Sacramento','CA',17106);
INSERT INTO Users(UserId,Email,FirstName,LastName,Street,City,State,Zip) VALUES ('734VF5c2kx','showatte@blogger.com','Shayne','Howatt','29 Burrows Center','Omaha','NE',31184);
INSERT INTO Users(UserId,Email,FirstName,LastName,Street,City,State,Zip) VALUES ('Sfx1Bq2478','gshawellf@psu.edu','Georgina','Shawell','56381 Miller Center','San Antonio','TX',16595);
INSERT INTO Users(UserId,Email,FirstName,LastName,Street,City,State,Zip) VALUES ('vfG95VZG71','xsousterg@narod.ru','Xever','Souster','9 Linden Point','Baton Rouge','LA',90796);
INSERT INTO Users(UserId,Email,FirstName,LastName,Street,City,State,Zip) VALUES ('9FZ4977454','lrevellh@opera.com','Letty','Revell','40549 Amoth Drive','Philadelphia','PA',55084);
INSERT INTO Users(UserId,Email,FirstName,LastName,Street,City,State,Zip) VALUES ('6XqaN4JYCQ','camiesi@earthlink.net','Cathryn','Amies','23 Annamark Court','South Bend','IN',41722);
INSERT INTO Users(UserId,Email,FirstName,LastName,Street,City,State,Zip) VALUES ('1laDrvU76C','sbiltonj@alibaba.com','Sonnnie','Bilton','523 Eggendart Center','Phoenix','AZ',62661);
INSERT INTO Users(UserId,Email,FirstName,LastName,Street,City,State,Zip) VALUES ('164m6u83GC','ljubertk@nhs.uk','Lilli','Jubert','37560 Hudson Park','Oakland','CA',79401);
INSERT INTO Users(UserId,Email,FirstName,LastName,Street,City,State,Zip) VALUES ('c18FF0H6en','rdelagnesl@yelp.com','Romy','Delagnes','2 Fairfield Way','Tucson','AZ',79062);
INSERT INTO Users(UserId,Email,FirstName,LastName,Street,City,State,Zip) VALUES ('21lm75791Q','tgierardim@g.co','Tera','Gierardi','4 Nova Lane','Richmond','VA',45873);
INSERT INTO Users(UserId,Email,FirstName,LastName,Street,City,State,Zip) VALUES ('0T01I5h963','wcastardn@weather.com','Wylie','Castard','87625 Canary Way','Corpus Christi','TX',12898);
INSERT INTO Users(UserId,Email,FirstName,LastName,Street,City,State,Zip) VALUES ('nK54F2941T','aspurreto@narod.ru','Angy','Spurret','638 Florence Hill','Phoenix','AZ',94062);
INSERT INTO Users(UserId,Email,FirstName,LastName,Street,City,State,Zip) VALUES ('Zq606OA414','eisseleep@mayoclinic.com','Edsel','Isselee','7432 Mitchell Center','Lawrenceville','GA',71091);
INSERT INTO Users(UserId,Email,FirstName,LastName,Street,City,State,Zip) VALUES ('Piap7XYWJr','cgaddieq@indiatimes.com','Cosetta','Gaddie','987 Crowley Avenue','Van Nuys','CA',39505);
INSERT INTO Users(UserId,Email,FirstName,LastName,Street,City,State,Zip) VALUES ('qKQjE6Qh1S','vflatter@joomla.org','Vanessa','Flatte','85 Messerschmidt Way','Stockton','CA',48875);
INSERT INTO Users(UserId,Email,FirstName,LastName,Street,City,State,Zip) VALUES ('5hi6v9092N','mhavertys@nbcnews.com','Marthe','Haverty','0 Melrose Lane','New Orleans','LA',28282);
INSERT INTO Users(UserId,Email,FirstName,LastName,Street,City,State,Zip) VALUES ('Jo64spRu07','irobardett@delicious.com','Isacco','Robardet','09572 Hauk Drive','Sioux Falls','SD',98222);
INSERT INTO Users(UserId,Email,FirstName,LastName,Street,City,State,Zip) VALUES ('8RRVE2437L','yagneauu@netscape.com','York','Agneau','2 Stuart Road','Memphis','TN',30453);
INSERT INTO Users(UserId,Email,FirstName,LastName,Street,City,State,Zip) VALUES ('yTN1M59224','cgrzeskowskiv@globo.com','Cobb','Grzeskowski','07418 Warrior Park','El Paso','TX',74074);
INSERT INTO Users(UserId,Email,FirstName,LastName,Street,City,State,Zip) VALUES ('4t56a5V1h8','kedgehillw@jigsy.com','Katherina','Edgehill','764 Quincy Pass','Florence','SC',88205);
INSERT INTO Users(UserId,Email,FirstName,LastName,Street,City,State,Zip) VALUES ('40lZ9YI524','cacresx@photobucket.com','Coralyn','Acres','007 Armistice Center','Los Angeles','CA',58899);
INSERT INTO Users(UserId,Email,FirstName,LastName,Street,City,State,Zip) VALUES ('S2KK585041','dbergery@example.com','Deborah','Berger','47 Shasta Court','Houston','TX',73334);
INSERT INTO Users(UserId,Email,FirstName,LastName,Street,City,State,Zip) VALUES ('3y9009V6qY','cvanderhoogz@naver.com','Cati','Van Der Hoog','26 6th Pass','Jersey City','NJ',38027);
INSERT INTO Users(UserId,Email,FirstName,LastName,Street,City,State,Zip) VALUES ('2bF97oM3pG','cbartolomeu10@free.fr','Christan','Bartolomeu','6 Vermont Avenue','Bakersfield','CA',77268);
INSERT INTO Users(UserId,Email,FirstName,LastName,Street,City,State,Zip) VALUES ('yeE04tJ3gG','ditzcak11@blog.com','Dynah','Itzcak','33268 Carberry Way','Omaha','NE',61692);
INSERT INTO Users(UserId,Email,FirstName,LastName,Street,City,State,Zip) VALUES ('16h4c9I927','mcorn12@amazon.com','Madlin','Corn','7 Cordelia Crossing','Baton Rouge','LA',45470);
INSERT INTO Users(UserId,Email,FirstName,LastName,Street,City,State,Zip) VALUES ('6V78654678','nbengochea13@hibu.com','Nedda','Bengochea','7270 Northwestern Trail','Los Angeles','CA',55209);
INSERT INTO Users(UserId,Email,FirstName,LastName,Street,City,State,Zip) VALUES ('3e826zr237','talston14@house.gov','Towney','Alston','380 Merrick Circle','Roanoke','VA',58143);
INSERT INTO Users(UserId,Email,FirstName,LastName,Street,City,State,Zip) VALUES ('0olo47d3d9','rmoncur15@mysql.com','Ramsay','Moncur','71762 Erie Street','Van Nuys','CA',84010);
INSERT INTO Users(UserId,Email,FirstName,LastName,Street,City,State,Zip) VALUES ('Q5383JSK24','bbrind16@yandex.ru','Beckie','Brind','12807 Surrey Point','Melbourne','FL',75410);
INSERT INTO Users(UserId,Email,FirstName,LastName,Street,City,State,Zip) VALUES ('0pFMH7GKfK','abrolan17@tamu.edu','Amabelle','Brolan','23749 Schmedeman Junction','Omaha','NE',11783);
INSERT INTO Users(UserId,Email,FirstName,LastName,Street,City,State,Zip) VALUES ('2H7ckpf155','aguerrero18@merriam-webster.com','Allix','Guerrero','49895 Nevada Place','Plano','TX',06899);
INSERT INTO Users(UserId,Email,FirstName,LastName,Street,City,State,Zip) VALUES ('s5Ah3S7ybQ','pbernadot19@studiopress.com','Penni','Bernadot','189 Tennyson Park','Dayton','OH',60730);
INSERT INTO Users(UserId,Email,FirstName,LastName,Street,City,State,Zip) VALUES ('PA3G6h9G27','eblasio1a@mashable.com','Egon','Blasio','66397 Bayside Alley','Wichita','KS',37463);
INSERT INTO Users(UserId,Email,FirstName,LastName,Street,City,State,Zip) VALUES ('q4Cm649nyc','eknightly1b@cisco.com','Ewell','Knightly','250 Farragut Drive','Tampa','FL',86130);
INSERT INTO Users(UserId,Email,FirstName,LastName,Street,City,State,Zip) VALUES ('h30332r77f','lbonicelli1c@yahoo.co.jp','Linnell','Bonicelli','042 Sachtjen Center','Nashville','TN',04523);
INSERT INTO Users(UserId,Email,FirstName,LastName,Street,City,State,Zip) VALUES ('5i2t377t10','hleffek1d@pbs.org','Hally','Leffek','2394 Manufacturers Drive','Washington','DC',81345);


-- UserReviews
INSERT INTO UserReviews(UserId,ReviewId,ReviewDate,Rating,ReviewComment) VALUES ('9FZ4977454','AgD55S8Nzq','2023-03-06 03:55:19',2,NULL);
INSERT INTO UserReviews(UserId,ReviewId,ReviewDate,Rating,ReviewComment) VALUES ('5i2t377t10','47J47h850s','2022-02-28 10:51:17',8,NULL);
INSERT INTO UserReviews(UserId,ReviewId,ReviewDate,Rating,ReviewComment) VALUES ('X30diX987R','ayK9NiF432','2023-03-10 18:27:28',2,NULL);
INSERT INTO UserReviews(UserId,ReviewId,ReviewDate,Rating,ReviewComment) VALUES ('c18FF0H6en','5767446t28','2022-11-12 06:31:18',9,'a suscipit nulla elit ac nulla sed vel enim sit amet nunc viverra dapibus nulla');
INSERT INTO UserReviews(UserId,ReviewId,ReviewDate,Rating,ReviewComment) VALUES ('0pFMH7GKfK','6e36H4i3A7','2022-02-10 17:10:51',7,'sit amet sapien dignissim vestibulum vestibulum ante ipsum primis in faucibus');
INSERT INTO UserReviews(UserId,ReviewId,ReviewDate,Rating,ReviewComment) VALUES ('z5t1w226lZ','2XNYtPhP6u','2022-05-29 22:41:02',2,'tincidunt ante vel ipsum praesent blandit lacinia erat vestibulum sed magna at nunc commodo placerat praesent blandit nam');
INSERT INTO UserReviews(UserId,ReviewId,ReviewDate,Rating,ReviewComment) VALUES ('nK54F2941T','3979O237N8','2022-01-30 09:51:35',2,NULL);
INSERT INTO UserReviews(UserId,ReviewId,ReviewDate,Rating,ReviewComment) VALUES ('S2KK585041','E11HoVV5kl','2022-03-27 23:05:56',7,NULL);
INSERT INTO UserReviews(UserId,ReviewId,ReviewDate,Rating,ReviewComment) VALUES ('Sfx1Bq2478','oKWpul6343','2022-05-05 11:51:18',1,'non mauris morbi non lectus aliquam sit amet diam in magna bibendum imperdiet nullam orci pede venenatis');
INSERT INTO UserReviews(UserId,ReviewId,ReviewDate,Rating,ReviewComment) VALUES ('40lZ9YI524','169J964zM9','2022-12-02 18:10:48',2,'posuere nonummy integer non velit donec diam neque vestibulum eget vulputate');
INSERT INTO UserReviews(UserId,ReviewId,ReviewDate,Rating,ReviewComment) VALUES ('734VF5c2kx','82kuVVDe11','2022-06-15 22:25:02',4,'ut nunc vestibulum ante ipsum primis in faucibus orci luctus et ultrices posuere cubilia curae mauris viverra diam vitae quam');
INSERT INTO UserReviews(UserId,ReviewId,ReviewDate,Rating,ReviewComment) VALUES ('1O31w54KN6','PR19woYbwk','2022-06-09 13:48:32',3,NULL);
INSERT INTO UserReviews(UserId,ReviewId,ReviewDate,Rating,ReviewComment) VALUES ('0Mg864B288','3K58812320','2022-09-20 21:29:55',10,NULL);
INSERT INTO UserReviews(UserId,ReviewId,ReviewDate,Rating,ReviewComment) VALUES ('q4Cm649nyc','u3v8ih2z68','2022-05-07 22:53:20',2,NULL);
INSERT INTO UserReviews(UserId,ReviewId,ReviewDate,Rating,ReviewComment) VALUES ('06r88wUYbw','9dZG973W81','2022-02-16 11:40:21',9,'nisl aenean lectus pellentesque eget nunc donec quis orci eget orci vehicula condimentum curabitur in libero');
INSERT INTO UserReviews(UserId,ReviewId,ReviewDate,Rating,ReviewComment) VALUES ('z5t1w226lZ','u257n2YSAl','2022-06-30 19:11:30',9,NULL);
INSERT INTO UserReviews(UserId,ReviewId,ReviewDate,Rating,ReviewComment) VALUES ('Dv3KJDR225','nnr72G8I33','2021-10-21 21:37:59',1,NULL);
INSERT INTO UserReviews(UserId,ReviewId,ReviewDate,Rating,ReviewComment) VALUES ('3Wp82q8KoF','63QsP5W1PA','2022-09-06 10:24:32',4,'ullamcorper augue a suscipit nulla elit ac nulla sed vel enim sit amet nunc');
INSERT INTO UserReviews(UserId,ReviewId,ReviewDate,Rating,ReviewComment) VALUES ('06r88wUYbw','2KBpE43R59','2022-11-15 15:18:30',4,NULL);
INSERT INTO UserReviews(UserId,ReviewId,ReviewDate,Rating,ReviewComment) VALUES ('z5t1w226lZ','5B96B8p05z','2022-10-07 00:44:11',5,NULL);
INSERT INTO UserReviews(UserId,ReviewId,ReviewDate,Rating,ReviewComment) VALUES ('6XqaN4JYCQ','1s7894f4O4','2022-03-13 18:01:29',4,'diam cras pellentesque volutpat dui maecenas tristique est et tempus');
INSERT INTO UserReviews(UserId,ReviewId,ReviewDate,Rating,ReviewComment) VALUES ('yTN1M59224','1Mj1d697BT','2022-10-21 17:00:07',1,NULL);
INSERT INTO UserReviews(UserId,ReviewId,ReviewDate,Rating,ReviewComment) VALUES ('0T01I5h963','0K25554818','2022-10-03 18:00:38',8,NULL);
INSERT INTO UserReviews(UserId,ReviewId,ReviewDate,Rating,ReviewComment) VALUES ('Dv3KJDR225','w04R623tBM','2021-12-29 02:27:50',1,NULL);
INSERT INTO UserReviews(UserId,ReviewId,ReviewDate,Rating,ReviewComment) VALUES ('2hVz6h97Hg','3m8WV9aoV4','2022-05-05 05:49:16',5,NULL);
INSERT INTO UserReviews(UserId,ReviewId,ReviewDate,Rating,ReviewComment) VALUES ('Q5383JSK24','6c090toz2c','2022-01-01 20:01:45',5,'potenti in eleifend quam a odio in hac habitasse platea dictumst maecenas ut massa');
INSERT INTO UserReviews(UserId,ReviewId,ReviewDate,Rating,ReviewComment) VALUES ('3Wp82q8KoF','58oj5QxS69','2022-10-14 03:18:33',3,'mauris non ligula pellentesque ultrices phasellus id sapien in sapien iaculis congue vivamus metus arcu adipiscing molestie hendrerit');
INSERT INTO UserReviews(UserId,ReviewId,ReviewDate,Rating,ReviewComment) VALUES ('c18FF0H6en','Z22915Yui9','2022-02-14 01:14:58',5,'amet turpis elementum ligula vehicula consequat morbi a ipsum integer a');
INSERT INTO UserReviews(UserId,ReviewId,ReviewDate,Rating,ReviewComment) VALUES ('21lm75791Q','8092689JBO','2022-10-31 03:08:14',5,NULL);
INSERT INTO UserReviews(UserId,ReviewId,ReviewDate,Rating,ReviewComment) VALUES ('164m6u83GC','CE81369K8n','2022-10-24 23:16:11',4,'ultrices libero non mattis pulvinar nulla pede ullamcorper augue a suscipit nulla');
INSERT INTO UserReviews(UserId,ReviewId,ReviewDate,Rating,ReviewComment) VALUES ('0olo47d3d9','FcPi4ZsBj4','2023-01-03 01:55:40',2,'orci mauris lacinia sapien quis libero nullam sit amet turpis elementum ligula vehicula consequat morbi a ipsum integer a nibh');
INSERT INTO UserReviews(UserId,ReviewId,ReviewDate,Rating,ReviewComment) VALUES ('19Un5rT30j','3sbE02T0Y3','2023-02-10 13:11:29',3,NULL);
INSERT INTO UserReviews(UserId,ReviewId,ReviewDate,Rating,ReviewComment) VALUES ('2CDMQPFF2m','32HlJF15R1','2022-01-29 02:29:02',5,'vitae ipsum aliquam non mauris morbi non lectus aliquam sit amet diam in magna bibendum imperdiet nullam orci pede venenatis');
INSERT INTO UserReviews(UserId,ReviewId,ReviewDate,Rating,ReviewComment) VALUES ('0pFMH7GKfK','46FTG9ub4x','2022-07-01 21:12:15',9,'tincidunt in leo maecenas pulvinar lobortis est phasellus sit amet erat nulla tempus vivamus in felis eu');
INSERT INTO UserReviews(UserId,ReviewId,ReviewDate,Rating,ReviewComment) VALUES ('9FZ4977454','pM52Plwz0x','2023-02-08 19:57:13',1,'nulla elit ac nulla sed vel enim sit amet nunc viverra dapibus nulla suscipit ligula in lacus curabitur at');
INSERT INTO UserReviews(UserId,ReviewId,ReviewDate,Rating,ReviewComment) VALUES ('2bF97oM3pG','Yxx8HtR98W','2022-05-21 11:53:29',7,NULL);
INSERT INTO UserReviews(UserId,ReviewId,ReviewDate,Rating,ReviewComment) VALUES ('Q5383JSK24','uxE630iM92','2022-09-21 21:33:28',7,'eu sapien cursus vestibulum proin eu mi nulla ac enim in tempor turpis nec euismod');
INSERT INTO UserReviews(UserId,ReviewId,ReviewDate,Rating,ReviewComment) VALUES ('yeE04tJ3gG','8Do5BdKp4k','2022-08-26 06:00:43',10,NULL);
INSERT INTO UserReviews(UserId,ReviewId,ReviewDate,Rating,ReviewComment) VALUES ('3Wp82q8KoF','N6N5I4639W','2021-10-30 19:43:54',1,'mauris lacinia sapien quis libero nullam sit amet turpis elementum ligula vehicula');
INSERT INTO UserReviews(UserId,ReviewId,ReviewDate,Rating,ReviewComment) VALUES ('Jo64spRu07','jCAR1FNGs4','2022-09-24 19:13:22',1,'nulla nunc purus phasellus in felis donec semper sapien a libero nam dui proin');
INSERT INTO UserReviews(UserId,ReviewId,ReviewDate,Rating,ReviewComment) VALUES ('4t56a5V1h8','8392uW53VX','2022-03-05 01:19:50',3,'suspendisse accumsan tortor quis turpis sed ante vivamus tortor duis mattis egestas metus aenean fermentum');
INSERT INTO UserReviews(UserId,ReviewId,ReviewDate,Rating,ReviewComment) VALUES ('2bF97oM3pG','X79Y26Dd1a','2021-12-20 13:25:29',6,'placerat ante nulla justo aliquam quis turpis eget elit sodales scelerisque mauris sit amet eros suspendisse accumsan tortor quis');
INSERT INTO UserReviews(UserId,ReviewId,ReviewDate,Rating,ReviewComment) VALUES ('h30332r77f','qv9LbGG998','2022-02-06 17:09:03',10,'eget eros elementum pellentesque quisque porta volutpat erat quisque erat eros viverra');
INSERT INTO UserReviews(UserId,ReviewId,ReviewDate,Rating,ReviewComment) VALUES ('6V78654678','T3V3ouU4kg','2022-05-14 02:50:31',8,NULL);
INSERT INTO UserReviews(UserId,ReviewId,ReviewDate,Rating,ReviewComment) VALUES ('40lZ9YI524','7ia11a82pr','2022-09-22 16:22:37',5,NULL);
INSERT INTO UserReviews(UserId,ReviewId,ReviewDate,Rating,ReviewComment) VALUES ('c18FF0H6en','55625r28BR','2022-10-29 03:33:25',8,NULL);
INSERT INTO UserReviews(UserId,ReviewId,ReviewDate,Rating,ReviewComment) VALUES ('9FZ4977454','eD3eF10449','2022-06-11 14:10:18',10,'quisque id justo sit amet sapien dignissim vestibulum vestibulum ante ipsum primis in faucibus orci');
INSERT INTO UserReviews(UserId,ReviewId,ReviewDate,Rating,ReviewComment) VALUES ('734VF5c2kx','7Hcv1XhY50','2021-11-26 08:11:15',8,'quisque id justo sit amet sapien dignissim vestibulum vestibulum ante ipsum primis in faucibus');
INSERT INTO UserReviews(UserId,ReviewId,ReviewDate,Rating,ReviewComment) VALUES ('qKQjE6Qh1S','JS67Gphco5','2022-05-05 10:49:00',4,NULL);
INSERT INTO UserReviews(UserId,ReviewId,ReviewDate,Rating,ReviewComment) VALUES ('0Mg864B288','X8iY856L6P','2022-03-30 16:17:44',1,'semper rutrum nulla nunc purus phasellus in felis donec semper sapien a libero nam dui');


-- Employees
INSERT INTO Employees(EmployeeId,FirstName,LastName,SSN,Title,YearlySalary) VALUES ('Os05xh29TU','Viva','Rippin',196289870,'Account Coordinator',114065);
INSERT INTO Employees(EmployeeId,FirstName,LastName,SSN,Title,YearlySalary) VALUES ('4UhfUnHCF1','Emmett','Wilks',919630217,'Director of Sales',101612);
INSERT INTO Employees(EmployeeId,FirstName,LastName,SSN,Title,YearlySalary) VALUES ('C9SQD23sl3','Jaquith','Jouandet',377541668,'Account Representative I',105007);
INSERT INTO Employees(EmployeeId,FirstName,LastName,SSN,Title,YearlySalary) VALUES ('82308VTgW5','Rodolphe','MacCorkell',263302814,'Environmental Specialist',68566);
INSERT INTO Employees(EmployeeId,FirstName,LastName,SSN,Title,YearlySalary) VALUES ('5Ve6bJL564','Leora','Ridgewell',052685194,'Structural Analysis Engineer',115764);
INSERT INTO Employees(EmployeeId,FirstName,LastName,SSN,Title,YearlySalary) VALUES ('0t4D85uT22','Bethena','Thatcher',044293192,'Structural Analysis Engineer',99056);
INSERT INTO Employees(EmployeeId,FirstName,LastName,SSN,Title,YearlySalary) VALUES ('97B7U8t525','Katalin','Ganniclifft',653421424,'Financial Advisor',61097);
INSERT INTO Employees(EmployeeId,FirstName,LastName,SSN,Title,YearlySalary) VALUES ('0Eo21P4QQ4','Gar','Shurrock',517687971,'Account Executive',82282);
INSERT INTO Employees(EmployeeId,FirstName,LastName,SSN,Title,YearlySalary) VALUES ('52G3p6Ws19','Cherrita','Farran',206828643,'Human Resources Assistant II',79601);
INSERT INTO Employees(EmployeeId,FirstName,LastName,SSN,Title,YearlySalary) VALUES ('V60c3junOX','Janifer','Lathwell',703498779,'Accountant II',102008);
INSERT INTO Employees(EmployeeId,FirstName,LastName,SSN,Title,YearlySalary) VALUES ('9qJ47586gp','Bradford','Beadman',875524436,'Product Engineer',100505);
INSERT INTO Employees(EmployeeId,FirstName,LastName,SSN,Title,YearlySalary) VALUES ('v27iroF745','Inga','Peyzer',857373057,'Engineer II',103156);
INSERT INTO Employees(EmployeeId,FirstName,LastName,SSN,Title,YearlySalary) VALUES ('2LnnToT372','Lotty','Scyone',825399783,'Account Representative II',79768);
INSERT INTO Employees(EmployeeId,FirstName,LastName,SSN,Title,YearlySalary) VALUES ('cRxC0d251A','Dierdre','Fancet',180025145,'Electrical Engineer',99001);
INSERT INTO Employees(EmployeeId,FirstName,LastName,SSN,Title,YearlySalary) VALUES ('9a620qR6BK','Devon','Cobb',108715939,'Physical Therapy Assistant',78702);
INSERT INTO Employees(EmployeeId,FirstName,LastName,SSN,Title,YearlySalary) VALUES ('6QOe62fr08','Erwin','Gerold',762263686,'Senior Sales Associate',115192);
INSERT INTO Employees(EmployeeId,FirstName,LastName,SSN,Title,YearlySalary) VALUES ('Z59f0458pX','Andree','Freen',896557083,'Quality Control Specialist',90437);
INSERT INTO Employees(EmployeeId,FirstName,LastName,SSN,Title,YearlySalary) VALUES ('8x21mSDv98','Lewes','Timbridge',974383964,'Research Nurse',100725);
INSERT INTO Employees(EmployeeId,FirstName,LastName,SSN,Title,YearlySalary) VALUES ('s89w6lKF1E','Freeland','Shoreman',757396576,'Sales Associate',94571);
INSERT INTO Employees(EmployeeId,FirstName,LastName,SSN,Title,YearlySalary) VALUES ('nkR8x8550c','Oliver','Warwick',730539791,'Senior Quality Engineer',114689);
INSERT INTO Employees(EmployeeId,FirstName,LastName,SSN,Title,YearlySalary) VALUES ('6U14RYn5pg','Travus','Gager',891382975,'General Manager',96356);
INSERT INTO Employees(EmployeeId,FirstName,LastName,SSN,Title,YearlySalary) VALUES ('V13S1JSoPa','Fiona','Dolby',776802564,'Accountant II',78871);
INSERT INTO Employees(EmployeeId,FirstName,LastName,SSN,Title,YearlySalary) VALUES ('Y4t3522Gut','Emalee','Mc Curlye',638928850,'Staff Scientist',99902);
INSERT INTO Employees(EmployeeId,FirstName,LastName,SSN,Title,YearlySalary) VALUES ('936gHuLA5X','Abdul','Fantonetti',417089299,'Software Engineer II',83646);
INSERT INTO Employees(EmployeeId,FirstName,LastName,SSN,Title,YearlySalary) VALUES ('k4c7Lf5j41','Lyda','Crallan',906615582,'Human Resources Manager',115328);
INSERT INTO Employees(EmployeeId,FirstName,LastName,SSN,Title,YearlySalary) VALUES ('96c3Wo5QKl','Brandon','Belbin',897405186,'Social Worker',105751);
INSERT INTO Employees(EmployeeId,FirstName,LastName,SSN,Title,YearlySalary) VALUES ('v9q22w9896','Batholomew','Dugan',475263322,'Human Resources Manager',78688);
INSERT INTO Employees(EmployeeId,FirstName,LastName,SSN,Title,YearlySalary) VALUES ('6GK37w93G6','Bethany','Chase',553386235,'Marketing Assistant',81917);
INSERT INTO Employees(EmployeeId,FirstName,LastName,SSN,Title,YearlySalary) VALUES ('h0Nwh7TlBn','Prent','Pelfer',562989934,'Cost Accountant',66766);
INSERT INTO Employees(EmployeeId,FirstName,LastName,SSN,Title,YearlySalary) VALUES ('d92HF9i7v4','Arin','Connell',364652475,'General Manager',67213);
INSERT INTO Employees(EmployeeId,FirstName,LastName,SSN,Title,YearlySalary) VALUES ('wQP9055x0t','Edik','Vannacci',928331567,'Nuclear Power Engineer',115606);
INSERT INTO Employees(EmployeeId,FirstName,LastName,SSN,Title,YearlySalary) VALUES ('bJ9n32D1Hq','Aldridge','Aksell',271808748,'Assistant Media Planner',94313);
INSERT INTO Employees(EmployeeId,FirstName,LastName,SSN,Title,YearlySalary) VALUES ('3384j54p86','Orel','Whiting',432481692,'Compensation Analyst',103541);
INSERT INTO Employees(EmployeeId,FirstName,LastName,SSN,Title,YearlySalary) VALUES ('3oO3TS4Diu','Dari','Jedrzejczak',145687128,'Dental Hygienist',95122);
INSERT INTO Employees(EmployeeId,FirstName,LastName,SSN,Title,YearlySalary) VALUES ('j0H7C05572','Kristyn','Thrussell',482729983,'Civil Engineer',109105);
INSERT INTO Employees(EmployeeId,FirstName,LastName,SSN,Title,YearlySalary) VALUES ('wN4af3P95t','Luther','Kenzie',298716319,'Geologist IV',94174);
INSERT INTO Employees(EmployeeId,FirstName,LastName,SSN,Title,YearlySalary) VALUES ('177jDql1r9','Erda','Guyonnet',238442684,'Engineer III',100761);
INSERT INTO Employees(EmployeeId,FirstName,LastName,SSN,Title,YearlySalary) VALUES ('1a9r58dVyi','Jaymee','Weaving',729830604,'Sales Representative',88076);
INSERT INTO Employees(EmployeeId,FirstName,LastName,SSN,Title,YearlySalary) VALUES ('09fA4Xoo17','Halimeda','Hutten',752380632,'Web Designer III',119829);
INSERT INTO Employees(EmployeeId,FirstName,LastName,SSN,Title,YearlySalary) VALUES ('917D4T2651','Edvard','Conley',439377881,'VP Quality Control',72589);
INSERT INTO Employees(EmployeeId,FirstName,LastName,SSN,Title,YearlySalary) VALUES ('r79Thx7M1c','Kath','MacTeggart',587344268,'Web Designer IV',93825);
INSERT INTO Employees(EmployeeId,FirstName,LastName,SSN,Title,YearlySalary) VALUES ('4z62W8Uh43','Roderic','Spreadbury',730356848,'Assistant Media Planner',100047);
INSERT INTO Employees(EmployeeId,FirstName,LastName,SSN,Title,YearlySalary) VALUES ('52n8q0g3X8','Stu','Penrice',862032006,'Actuary',91188);
INSERT INTO Employees(EmployeeId,FirstName,LastName,SSN,Title,YearlySalary) VALUES ('Ld55fA1mv9','Melvin','Wainscot',065628611,'Quality Control Specialist',118024);
INSERT INTO Employees(EmployeeId,FirstName,LastName,SSN,Title,YearlySalary) VALUES ('77hSBP94Ki','Stefania','Bunce',988085303,'Senior Quality Engineer',103756);


-- Shippers
INSERT INTO Shippers(ShipperName,PhoneNumber,ContactRep) VALUES ('Fedex',3257425462,'Georgina Haensel');
INSERT INTO Shippers(ShipperName,PhoneNumber,ContactRep) VALUES ('UPS',9357641963,'Jules Gillet');
INSERT INTO Shippers(ShipperName,PhoneNumber,ContactRep) VALUES ('USPS',1434959641,'Tabor Fey');
INSERT INTO Shippers(ShipperName,PhoneNumber,ContactRep) VALUES ('Maersk',3255028748,'Emalee Geistmann');
INSERT INTO Shippers(ShipperName,PhoneNumber,ContactRep) VALUES ('ZIM',3984420308,'Leda Joseland');


-- Listings
INSERT INTO Listings(ListingId,Quantity,Price,EmployeeId,ShipperName,ISBN) VALUES ('v3rIdX78u0',213,65.27,'0Eo21P4QQ4','UPS','344589391-8');
INSERT INTO Listings(ListingId,Quantity,Price,EmployeeId,ShipperName,ISBN) VALUES ('z1X3W37W19',80,87.17,'d92HF9i7v4','ZIM','618959041-1');
INSERT INTO Listings(ListingId,Quantity,Price,EmployeeId,ShipperName,ISBN) VALUES ('vs14983k06',296,22.42,'2LnnToT372','Fedex','719980671-X');
INSERT INTO Listings(ListingId,Quantity,Price,EmployeeId,ShipperName,ISBN) VALUES ('j8Vi8o259G',482,53.97,'d92HF9i7v4',NULL,'913801521-8');
INSERT INTO Listings(ListingId,Quantity,Price,EmployeeId,ShipperName,ISBN) VALUES ('Di9142k9jo',462,50.66,'0t4D85uT22',NULL,'768649197-8');
INSERT INTO Listings(ListingId,Quantity,Price,EmployeeId,ShipperName,ISBN) VALUES ('u0baj954xr',387,36.38,'5Ve6bJL564',NULL,'809037741-6');
INSERT INTO Listings(ListingId,Quantity,Price,EmployeeId,ShipperName,ISBN) VALUES ('786w19692b',12,71.22,'wN4af3P95t','Fedex','199160874-8');
INSERT INTO Listings(ListingId,Quantity,Price,EmployeeId,ShipperName,ISBN) VALUES ('k5csC9f4l1',222,99.34,'k4c7Lf5j41','UPS','543966069-0');
INSERT INTO Listings(ListingId,Quantity,Price,EmployeeId,ShipperName,ISBN) VALUES ('7EB23iAsv9',165,45.68,'6U14RYn5pg','Fedex','601760127-X');
INSERT INTO Listings(ListingId,Quantity,Price,EmployeeId,ShipperName,ISBN) VALUES ('YP6O9eh901',474,34.62,'j0H7C05572','ZIM','445068598-9');
INSERT INTO Listings(ListingId,Quantity,Price,EmployeeId,ShipperName,ISBN) VALUES ('kK242H6fZ7',240,56.09,'Ld55fA1mv9','Fedex','637385927-4');
INSERT INTO Listings(ListingId,Quantity,Price,EmployeeId,ShipperName,ISBN) VALUES ('TM2dH0Oq04',48,72.49,'97B7U8t525',NULL,'866217826-X');
INSERT INTO Listings(ListingId,Quantity,Price,EmployeeId,ShipperName,ISBN) VALUES ('1xKphW3rgI',243,61.6,'8x21mSDv98',NULL,'849061589-6');
INSERT INTO Listings(ListingId,Quantity,Price,EmployeeId,ShipperName,ISBN) VALUES ('2C8dG35123',224,52.33,'5Ve6bJL564','ZIM','917554100-9');
INSERT INTO Listings(ListingId,Quantity,Price,EmployeeId,ShipperName,ISBN) VALUES ('9T5j3l9gR0',106,64.79,'4z62W8Uh43','USPS','823501621-4');
INSERT INTO Listings(ListingId,Quantity,Price,EmployeeId,ShipperName,ISBN) VALUES ('eN4O96F2Ir',185,57.74,'7m4RkkB2R1',NULL,'989992086-X');
INSERT INTO Listings(ListingId,Quantity,Price,EmployeeId,ShipperName,ISBN) VALUES ('010235p567',400,51.88,'52G3p6Ws19','Maersk','951983070-7');
INSERT INTO Listings(ListingId,Quantity,Price,EmployeeId,ShipperName,ISBN) VALUES ('kfa37s70h9',165,58.87,'cRxC0d251A','USPS','221741826-2');
INSERT INTO Listings(ListingId,Quantity,Price,EmployeeId,ShipperName,ISBN) VALUES ('1vrdu7V919',426,54.76,'06S884Ech3',NULL,'698091466-9');
INSERT INTO Listings(ListingId,Quantity,Price,EmployeeId,ShipperName,ISBN) VALUES ('3100mVvwef',84,62.64,'bJ9n32D1Hq','Maersk','282643231-1');
INSERT INTO Listings(ListingId,Quantity,Price,EmployeeId,ShipperName,ISBN) VALUES ('4Ht545l2gz',31,75.37,'bJ9n32D1Hq','UPS','844981107-4');
INSERT INTO Listings(ListingId,Quantity,Price,EmployeeId,ShipperName,ISBN) VALUES ('S9477d61B5',407,93.33,'nkR8x8550c','USPS','486038089-4');
INSERT INTO Listings(ListingId,Quantity,Price,EmployeeId,ShipperName,ISBN) VALUES ('16R1FP1680',104,99.26,'v9q22w9896','USPS','855010043-9');
INSERT INTO Listings(ListingId,Quantity,Price,EmployeeId,ShipperName,ISBN) VALUES ('A6S96WNR27',21,59.11,'9dHEyM3ta0','Fedex','946229414-3');
INSERT INTO Listings(ListingId,Quantity,Price,EmployeeId,ShipperName,ISBN) VALUES ('k450JZu276',471,43.61,'97B7U8t525','USPS','401742113-X');
INSERT INTO Listings(ListingId,Quantity,Price,EmployeeId,ShipperName,ISBN) VALUES ('1QF50nl2A4',462,94.55,'77hSBP94Ki','ZIM','633204103-X');
INSERT INTO Listings(ListingId,Quantity,Price,EmployeeId,ShipperName,ISBN) VALUES ('53Ktrv7340',424,27.33,'V13S1JSoPa',NULL,'870248871-X');
INSERT INTO Listings(ListingId,Quantity,Price,EmployeeId,ShipperName,ISBN) VALUES ('0ExU13ynH3',33,89.07,'j0H7C05572','UPS','041913716-5');
INSERT INTO Listings(ListingId,Quantity,Price,EmployeeId,ShipperName,ISBN) VALUES ('lmcj9h8068',143,29.19,'wQP9055x0t','ZIM','610578249-7');
INSERT INTO Listings(ListingId,Quantity,Price,EmployeeId,ShipperName,ISBN) VALUES ('0ItMux166c',195,28.83,'96c3Wo5QKl',NULL,'921853860-8');
INSERT INTO Listings(ListingId,Quantity,Price,EmployeeId,ShipperName,ISBN) VALUES ('V93017AbKR',0,60.7,'wQP9055x0t',NULL,'222824401-5');
INSERT INTO Listings(ListingId,Quantity,Price,EmployeeId,ShipperName,ISBN) VALUES ('9XAKlE4h97',470,23.98,'Z59f0458pX','UPS','295897117-1');
INSERT INTO Listings(ListingId,Quantity,Price,EmployeeId,ShipperName,ISBN) VALUES ('55r0B8518g',121,21.3,'96c3Wo5QKl',NULL,'146375745-X');
INSERT INTO Listings(ListingId,Quantity,Price,EmployeeId,ShipperName,ISBN) VALUES ('e2234Cu22A',44,46.53,'x3yg8397V1',NULL,'242279560-9');
INSERT INTO Listings(ListingId,Quantity,Price,EmployeeId,ShipperName,ISBN) VALUES ('873m2j54xP',65,42.25,'v27iroF745',NULL,'965198577-1');
INSERT INTO Listings(ListingId,Quantity,Price,EmployeeId,ShipperName,ISBN) VALUES ('YiI19Uzw3N',395,46.48,'9a620qR6BK',NULL,'456238628-2');
INSERT INTO Listings(ListingId,Quantity,Price,EmployeeId,ShipperName,ISBN) VALUES ('92lwFDY503',136,80.57,'177jDql1r9','UPS','397205717-2');
INSERT INTO Listings(ListingId,Quantity,Price,EmployeeId,ShipperName,ISBN) VALUES ('4LQz5dCXXR',235,54.07,'nkR8x8550c','ZIM','559880391-7');
INSERT INTO Listings(ListingId,Quantity,Price,EmployeeId,ShipperName,ISBN) VALUES ('0x9Cf8820O',284,34.55,'r79Thx7M1c','Maersk','152537447-8');
INSERT INTO Listings(ListingId,Quantity,Price,EmployeeId,ShipperName,ISBN) VALUES ('3NU747o57p',181,94.41,'Ld55fA1mv9','ZIM','793803377-4');
INSERT INTO Listings(ListingId,Quantity,Price,EmployeeId,ShipperName,ISBN) VALUES ('1hRSn94II7',394,90.46,'96c3Wo5QKl','UPS','953458566-1');
INSERT INTO Listings(ListingId,Quantity,Price,EmployeeId,ShipperName,ISBN) VALUES ('4O79SstC9j',412,36.36,'936gHuLA5X',NULL,'471835215-0');
INSERT INTO Listings(ListingId,Quantity,Price,EmployeeId,ShipperName,ISBN) VALUES ('ddiEMp8lKv',208,20.19,'9qJ47586gp','Fedex','485434484-9');
INSERT INTO Listings(ListingId,Quantity,Price,EmployeeId,ShipperName,ISBN) VALUES ('5Q130n9Q0e',261,60.39,'52n8q0g3X8','USPS','553646229-6');


-- Sales
INSERT INTO Sales(SaleId,UserId,Street,City,State,Zip,Price,SaleDate,EmployeeId,ShipperName,ISBN,FulfillmentDate) VALUES ('R7W4n0041I','Dv3KJDR225','08238 Spaight Road','New York City','NY',21776,20.75,'2022-02-11 20:42:11','09fA4Xoo17','USPS','543966069-0','2023-04-01 08:24:30');
INSERT INTO Sales(SaleId,UserId,Street,City,State,Zip,Price,SaleDate,EmployeeId,ShipperName,ISBN,FulfillmentDate) VALUES ('yKXLSK42l3','1O31w54KN6','900 Sycamore Lane','Albuquerque','NM',41500,36.1,'2022-02-27 16:59:21','j0H7C05572','Fedex','295897117-1','2021-04-16 04:29:38');
INSERT INTO Sales(SaleId,UserId,Street,City,State,Zip,Price,SaleDate,EmployeeId,ShipperName,ISBN,FulfillmentDate) VALUES ('G9hB4Mz66A','3Wp82q8KoF','786 Mariners Cove Crossing','Virginia Beach','VA',38204,94.39,'2020-12-29 05:28:18',NULL,NULL,'866217826-X',NULL);
INSERT INTO Sales(SaleId,UserId,Street,City,State,Zip,Price,SaleDate,EmployeeId,ShipperName,ISBN,FulfillmentDate) VALUES ('6LIb952KV8','06r88wUYbw','1523 Orin Court','Philadelphia','PA',20530,45.66,'2023-03-01 02:46:58','v27iroF745','UPS','823501621-4','2022-12-04 03:17:03');
INSERT INTO Sales(SaleId,UserId,Street,City,State,Zip,Price,SaleDate,EmployeeId,ShipperName,ISBN,FulfillmentDate) VALUES ('3V93Gb2955','3e826zr237','0425 Fisk Pass','Washington','DC',57399,60.76,'2021-07-20 00:03:55','6GK37w93G6','UPS','282643231-1','2021-08-10 06:37:31');
INSERT INTO Sales(SaleId,UserId,Street,City,State,Zip,Price,SaleDate,EmployeeId,ShipperName,ISBN,FulfillmentDate) VALUES ('02b7kGJ0JS','PA3G6h9G27','619 Summer Ridge Junction','Milwaukee','WI',98503,97.96,'2022-07-30 09:28:49','7m4RkkB2R1','Fedex','445068598-9','2022-11-16 04:32:26');
INSERT INTO Sales(SaleId,UserId,Street,City,State,Zip,Price,SaleDate,EmployeeId,ShipperName,ISBN,FulfillmentDate) VALUES ('15lPJ9uLS4','z5t1w226lZ','2 Debs Way','New Orleans','LA',29510,76.79,'2020-10-28 16:22:13','82308VTgW5','Fedex','809037741-6','2021-12-19 14:22:20');
INSERT INTO Sales(SaleId,UserId,Street,City,State,Zip,Price,SaleDate,EmployeeId,ShipperName,ISBN,FulfillmentDate) VALUES ('40N427D38G','Sfx1Bq2478','6 Cascade Center','Washington','DC',98612,53.11,'2021-08-27 13:33:16','71vaiOg978','ZIM','052336608-6','2022-05-04 14:32:43');
INSERT INTO Sales(SaleId,UserId,Street,City,State,Zip,Price,SaleDate,EmployeeId,ShipperName,ISBN,FulfillmentDate) VALUES ('Lm5NP23Cv5','40lZ9YI524','2338 Spohn Way','Beaverton','OR',41757,51.45,'2021-05-30 14:28:59',NULL,NULL,'471835215-0',NULL);
INSERT INTO Sales(SaleId,UserId,Street,City,State,Zip,Price,SaleDate,EmployeeId,ShipperName,ISBN,FulfillmentDate) VALUES ('396541hyr5','0olo47d3d9','9 Golf Course Point','Honolulu','HI',97401,90.16,'2020-12-07 10:57:07','C9SQD23sl3','ZIM','921853860-8','2020-10-03 05:48:04');
INSERT INTO Sales(SaleId,UserId,Street,City,State,Zip,Price,SaleDate,EmployeeId,ShipperName,ISBN,FulfillmentDate) VALUES ('972V149O8G','Q5383JSK24','9 Kim Street','Lansing','MI',69954,84.38,'2022-02-06 20:03:25',NULL,NULL,'471835215-0',NULL);
INSERT INTO Sales(SaleId,UserId,Street,City,State,Zip,Price,SaleDate,EmployeeId,ShipperName,ISBN,FulfillmentDate) VALUES ('jN95gh067U','3y9009V6qY','22 Crownhardt Hill','Tacoma','WA',11689,73.83,'2021-03-26 14:54:45','6GK37w93G6','UPS','486038089-4','2021-10-04 19:25:02');
INSERT INTO Sales(SaleId,UserId,Street,City,State,Zip,Price,SaleDate,EmployeeId,ShipperName,ISBN,FulfillmentDate) VALUES ('03M9369oxM','vfG95VZG71','8 Dottie Plaza','Newport News','VA',66062,94.13,'2022-05-03 19:00:03','3oO3TS4Diu','UPS','768649197-8','2021-10-06 08:18:30');
INSERT INTO Sales(SaleId,UserId,Street,City,State,Zip,Price,SaleDate,EmployeeId,ShipperName,ISBN,FulfillmentDate) VALUES ('04N31940A4','2hVz6h97Hg','35 Londonderry Parkway','Baltimore','MD',82812,78.96,'2021-11-22 00:24:15',NULL,NULL,'953458566-1',NULL);
INSERT INTO Sales(SaleId,UserId,Street,City,State,Zip,Price,SaleDate,EmployeeId,ShipperName,ISBN,FulfillmentDate) VALUES ('0Mw245567G','1O31w54KN6','169 Logan Point','Philadelphia','PA',95442,89.41,'2021-11-13 18:20:56','82308VTgW5','USPS','679463085-0','2022-01-09 07:19:06');
INSERT INTO Sales(SaleId,UserId,Street,City,State,Zip,Price,SaleDate,EmployeeId,ShipperName,ISBN,FulfillmentDate) VALUES ('52rPY3g028','2CDMQPFF2m','8 Larry Street','Spokane','WA',45413,111.83,'2021-04-30 11:06:56','4UhfUnHCF1','Maersk','953458566-1','2021-09-26 20:07:54');
INSERT INTO Sales(SaleId,UserId,Street,City,State,Zip,Price,SaleDate,EmployeeId,ShipperName,ISBN,FulfillmentDate) VALUES ('9cs956mEgA','8RRVE2437L','804 Valley Edge Road','Madison','WI',69009,43.72,'2022-02-08 15:29:51',NULL,NULL,'698091466-9',NULL);
INSERT INTO Sales(SaleId,UserId,Street,City,State,Zip,Price,SaleDate,EmployeeId,ShipperName,ISBN,FulfillmentDate) VALUES ('m0khK3g247','96698Wb74M','099 Eagle Crest Terrace','Houston','TX',28089,112.81,'2021-05-23 19:24:32',NULL,NULL,'633204103-X',NULL);
INSERT INTO Sales(SaleId,UserId,Street,City,State,Zip,Price,SaleDate,EmployeeId,ShipperName,ISBN,FulfillmentDate) VALUES ('dhx274ff46','Dv3KJDR225','03 Summerview Road','Memphis','TN',51583,58.02,'2021-07-07 00:14:01',NULL,NULL,'295897117-1',NULL);
INSERT INTO Sales(SaleId,UserId,Street,City,State,Zip,Price,SaleDate,EmployeeId,ShipperName,ISBN,FulfillmentDate) VALUES ('AfcO68m7S3','2hVz6h97Hg','86 Bashford Avenue','Chicago','IL',66100,90.69,'2022-04-16 15:59:05','8x21mSDv98','ZIM','152537447-8','2020-10-23 00:49:00');
INSERT INTO Sales(SaleId,UserId,Street,City,State,Zip,Price,SaleDate,EmployeeId,ShipperName,ISBN,FulfillmentDate) VALUES ('HeRlf0961t','s5Ah3S7ybQ','8 Maryland Road','Houston','TX',66946,102.86,'2022-09-17 01:58:54',NULL,NULL,'486038089-4',NULL);
INSERT INTO Sales(SaleId,UserId,Street,City,State,Zip,Price,SaleDate,EmployeeId,ShipperName,ISBN,FulfillmentDate) VALUES ('xNru2xc9DN','2CDMQPFF2m','8697 American Park','Columbus','OH',82511,31.3,'2021-10-16 02:55:32','r79Thx7M1c','ZIM','456238628-2','2020-11-25 11:08:06');
INSERT INTO Sales(SaleId,UserId,Street,City,State,Zip,Price,SaleDate,EmployeeId,ShipperName,ISBN,FulfillmentDate) VALUES ('36p2GS2si6','3y9009V6qY','95502 Cordelia Parkway','North Hollywood','CA',09743,61.09,'2021-04-11 18:27:58','06S884Ech3','Fedex','989992086-X','2021-06-23 12:34:20');
INSERT INTO Sales(SaleId,UserId,Street,City,State,Zip,Price,SaleDate,EmployeeId,ShipperName,ISBN,FulfillmentDate) VALUES ('w9n1865or1','19Un5rT30j','0581 Calypso Court','Shreveport','LA',46201,99.32,'2021-05-10 00:27:31','4z62W8Uh43','USPS','559880391-7','2020-12-17 23:21:42');
INSERT INTO Sales(SaleId,UserId,Street,City,State,Zip,Price,SaleDate,EmployeeId,ShipperName,ISBN,FulfillmentDate) VALUES ('s5s28h16P7','3y9009V6qY','615 Hazelcrest Court','Sacramento','CA',99665,97.88,'2021-08-04 00:03:58',NULL,NULL,'397205717-2',NULL);
INSERT INTO Sales(SaleId,UserId,Street,City,State,Zip,Price,SaleDate,EmployeeId,ShipperName,ISBN,FulfillmentDate) VALUES ('X421Wf6R8J','vfG95VZG71','3 Forster Crossing','Brooklyn','NY',94599,62.08,'2021-03-27 08:59:29','nkR8x8550c','Fedex','917554100-9','2021-04-11 14:17:33');
INSERT INTO Sales(SaleId,UserId,Street,City,State,Zip,Price,SaleDate,EmployeeId,ShipperName,ISBN,FulfillmentDate) VALUES ('a7G1a6Q65q','2CDMQPFF2m','10405 Loftsgordon Circle','Sacramento','CA',09084,62.79,'2020-12-06 19:17:08',NULL,NULL,'456238628-2',NULL);
INSERT INTO Sales(SaleId,UserId,Street,City,State,Zip,Price,SaleDate,EmployeeId,ShipperName,ISBN,FulfillmentDate) VALUES ('BV3m5827WX','PA3G6h9G27','279 Katie Plaza','Washington','DC',75922,115.4,'2022-02-07 06:48:02','7m4RkkB2R1','USPS','953458566-1','2021-06-26 11:56:11');
INSERT INTO Sales(SaleId,UserId,Street,City,State,Zip,Price,SaleDate,EmployeeId,ShipperName,ISBN,FulfillmentDate) VALUES ('828g08E5Nn','164m6u83GC','670 North Junction','San Diego','CA',43357,20.83,'2021-03-01 00:18:34',NULL,NULL,'901660421-9',NULL);
INSERT INTO Sales(SaleId,UserId,Street,City,State,Zip,Price,SaleDate,EmployeeId,ShipperName,ISBN,FulfillmentDate) VALUES ('eWGYUh109h','q4Cm649nyc','00405 Talmadge Street','Indianapolis','IN',38696,55.88,'2021-07-16 03:43:33','4UhfUnHCF1','ZIM','199160874-8','2021-03-10 07:23:29');
INSERT INTO Sales(SaleId,UserId,Street,City,State,Zip,Price,SaleDate,EmployeeId,ShipperName,ISBN,FulfillmentDate) VALUES ('Ms5Sz2577F','40lZ9YI524','2910 Armistice Terrace','Erie','PA',60044,57.5,'2023-01-07 00:19:27',NULL,NULL,'559880391-7',NULL);
INSERT INTO Sales(SaleId,UserId,Street,City,State,Zip,Price,SaleDate,EmployeeId,ShipperName,ISBN,FulfillmentDate) VALUES ('11Iy887SSw','Sfx1Bq2478','50 Dennis Way','Mesquite','TX',08185,69.97,'2023-01-19 02:37:03','936gHuLA5X','USPS','222824401-5','2023-02-20 05:49:24');
INSERT INTO Sales(SaleId,UserId,Street,City,State,Zip,Price,SaleDate,EmployeeId,ShipperName,ISBN,FulfillmentDate) VALUES ('08ebxZcd33','3y9009V6qY','04990 Kensington Road','El Paso','TX',38780,112.18,'2023-02-25 20:19:21',NULL,NULL,'559880391-7',NULL);
INSERT INTO Sales(SaleId,UserId,Street,City,State,Zip,Price,SaleDate,EmployeeId,ShipperName,ISBN,FulfillmentDate) VALUES ('M16z6iDNI8','0olo47d3d9','02054 Briar Crest Road','Pensacola','FL',78596,106.55,'2020-10-09 17:47:30',NULL,NULL,'637385927-4',NULL);
INSERT INTO Sales(SaleId,UserId,Street,City,State,Zip,Price,SaleDate,EmployeeId,ShipperName,ISBN,FulfillmentDate) VALUES ('19L7Su9EW5','uj7536phg4','302 Buhler Avenue','Tulsa','OK',55979,62.37,'2021-08-18 03:13:43','1a9r58dVyi','UPS','849061589-6','2022-01-25 01:39:06');
INSERT INTO Sales(SaleId,UserId,Street,City,State,Zip,Price,SaleDate,EmployeeId,ShipperName,ISBN,FulfillmentDate) VALUES ('20R06A3NS3','3e826zr237','9442 Vahlen Drive','Whittier','CA',00871,34.42,'2020-11-17 23:03:22','h0Nwh7TlBn','Fedex','367725719-0','2021-12-28 07:27:35');
INSERT INTO Sales(SaleId,UserId,Street,City,State,Zip,Price,SaleDate,EmployeeId,ShipperName,ISBN,FulfillmentDate) VALUES ('Mt7Zq924tP','Dv3KJDR225','868 Thackeray Parkway','Pittsburgh','PA',86995,27.2,'2021-06-12 15:15:53','v9q22w9896','Maersk','953458566-1','2022-09-14 03:13:13');
INSERT INTO Sales(SaleId,UserId,Street,City,State,Zip,Price,SaleDate,EmployeeId,ShipperName,ISBN,FulfillmentDate) VALUES ('5R9r058pjx','6V78654678','2045 Susan Trail','Jackson','MS',82073,59.92,'2023-03-11 10:28:25',NULL,NULL,'866217826-X',NULL);
INSERT INTO Sales(SaleId,UserId,Street,City,State,Zip,Price,SaleDate,EmployeeId,ShipperName,ISBN,FulfillmentDate) VALUES ('52Z23O0V44','Dv3KJDR225','244 Buell Plaza','Edmond','OK',35425,85.49,'2021-12-22 04:01:25','71vaiOg978','Fedex','397205717-2','2022-11-29 02:11:12');
INSERT INTO Sales(SaleId,UserId,Street,City,State,Zip,Price,SaleDate,EmployeeId,ShipperName,ISBN,FulfillmentDate) VALUES ('AJ73Y056Ud','19Un5rT30j','3053 Pleasure Court','Terre Haute','IN',20265,94.99,'2021-08-04 15:22:42','V13S1JSoPa','USPS','870248871-X','2021-10-08 08:17:07');
INSERT INTO Sales(SaleId,UserId,Street,City,State,Zip,Price,SaleDate,EmployeeId,ShipperName,ISBN,FulfillmentDate) VALUES ('NYs20e5055','40lZ9YI524','1488 Carioca Avenue','Carson City','NV',06418,92.36,'2021-03-13 19:49:39','2LnnToT372','Maersk','486038089-4','2021-10-10 04:45:46');
INSERT INTO Sales(SaleId,UserId,Street,City,State,Zip,Price,SaleDate,EmployeeId,ShipperName,ISBN,FulfillmentDate) VALUES ('22k52EG3bL','qKQjE6Qh1S','52 Lakewood Avenue','Marietta','GA',80646,67.62,'2021-11-23 00:32:35','Ld55fA1mv9','ZIM','344589391-8','2022-11-22 23:03:05');
INSERT INTO Sales(SaleId,UserId,Street,City,State,Zip,Price,SaleDate,EmployeeId,ShipperName,ISBN,FulfillmentDate) VALUES ('38b87lPED1','X30diX987R','029 Beilfuss Park','Irving','TX',11883,33.33,'2022-05-20 09:30:23','3oO3TS4Diu','UPS','052336608-6','2023-02-06 17:12:17');
INSERT INTO Sales(SaleId,UserId,Street,City,State,Zip,Price,SaleDate,EmployeeId,ShipperName,ISBN,FulfillmentDate) VALUES ('Q4IJ617J04','VwtVwk0TZz','77 Norway Maple Court','Mobile','AL',57637,38.42,'2021-11-21 13:29:08',NULL,NULL,'152537447-8',NULL);
INSERT INTO Sales(SaleId,UserId,Street,City,State,Zip,Price,SaleDate,EmployeeId,ShipperName,ISBN,FulfillmentDate) VALUES ('73s8345B83','nK54F2941T','04 Warner Alley','Atlanta','GA',34361,30.15,'2022-06-30 00:49:22','r79Thx7M1c','UPS','965198577-1','2021-03-12 13:12:48');
INSERT INTO Sales(SaleId,UserId,Street,City,State,Zip,Price,SaleDate,EmployeeId,ShipperName,ISBN,FulfillmentDate) VALUES ('80Gl4F5qQ2','0pFMH7GKfK','8 Melby Parkway','Des Moines','IA',03290,80.05,'2022-08-27 11:17:09',NULL,NULL,'679463085-0',NULL);
INSERT INTO Sales(SaleId,UserId,Street,City,State,Zip,Price,SaleDate,EmployeeId,ShipperName,ISBN,FulfillmentDate) VALUES ('f07NBcdSoa','5hi6v9092N','9 Dorton Way','Richmond','VA',41867,45.93,'2020-10-13 17:56:18','09fA4Xoo17','Maersk','921853860-8','2020-10-31 02:31:38');
INSERT INTO Sales(SaleId,UserId,Street,City,State,Zip,Price,SaleDate,EmployeeId,ShipperName,ISBN,FulfillmentDate) VALUES ('jF5x0hQNwL','4t56a5V1h8','059 Kim Plaza','Davenport','IA',76569,75.96,'2020-11-29 20:03:19',NULL,NULL,'242290486-6',NULL);
INSERT INTO Sales(SaleId,UserId,Street,City,State,Zip,Price,SaleDate,EmployeeId,ShipperName,ISBN,FulfillmentDate) VALUES ('9SkO1802k0','Piap7XYWJr','1 Brentwood Place','Houston','TX',02521,31.85,'2022-11-09 03:47:57','C9SQD23sl3','USPS','849061589-6','2022-12-17 01:24:20');
INSERT INTO Sales(SaleId,UserId,Street,City,State,Zip,Price,SaleDate,EmployeeId,ShipperName,ISBN,FulfillmentDate) VALUES ('00L00M1Jf3','734VF5c2kx','34 Del Mar Drive','Brooklyn','NY',22182,42.45,'2021-12-17 15:54:29','0t4D85uT22','Fedex','866217826-X','2021-02-14 02:09:00');


-- RentalInfo
INSERT INTO RentalInfo(UserId,ListingId,Street,City,State,Zip,RentalStart,RentalEnd,FulfillmentDate) VALUES ('3e826zr237','873m2j54xP','4 Mandrake Point','Oklahoma City','OK',12971,'2022-08-16','2022-03-09',NULL);
INSERT INTO RentalInfo(UserId,ListingId,Street,City,State,Zip,RentalStart,RentalEnd,FulfillmentDate) VALUES ('0pFMH7GKfK','1QF50nl2A4','423 Meadow Vale Junction','Honolulu','HI',19003,'2021-11-19','2021-05-09','2022-09-05 21:07:38');
INSERT INTO RentalInfo(UserId,ListingId,Street,City,State,Zip,RentalStart,RentalEnd,FulfillmentDate) VALUES ('1O31w54KN6','1hRSn94II7','11 Merry Terrace','Charlotte','NC',05577,'2021-12-26','2022-04-24','2022-10-18 20:56:25');
INSERT INTO RentalInfo(UserId,ListingId,Street,City,State,Zip,RentalStart,RentalEnd,FulfillmentDate) VALUES ('6XqaN4JYCQ','786w19692b','17 Helena Crossing','Grand Junction','CO',87556,'2021-11-17','2022-10-11','2023-03-09 02:54:41');
INSERT INTO RentalInfo(UserId,ListingId,Street,City,State,Zip,RentalStart,RentalEnd,FulfillmentDate) VALUES ('c18FF0H6en','j8Vi8o259G','3088 Dakota Road','Tallahassee','FL',18033,'2023-01-02','2022-02-23',NULL);
INSERT INTO RentalInfo(UserId,ListingId,Street,City,State,Zip,RentalStart,RentalEnd,FulfillmentDate) VALUES ('8RRVE2437L','e2234Cu22A','37 Bultman Street','Fullerton','CA',07703,'2021-09-05','2021-05-31','2022-08-01 00:00:56');
INSERT INTO RentalInfo(UserId,ListingId,Street,City,State,Zip,RentalStart,RentalEnd,FulfillmentDate) VALUES ('JSy8h8pTvE','873m2j54xP','149 Banding Plaza','Chattanooga','TN',02219,'2022-07-15','2021-04-02','2022-09-27 16:55:22');
INSERT INTO RentalInfo(UserId,ListingId,Street,City,State,Zip,RentalStart,RentalEnd,FulfillmentDate) VALUES ('PA3G6h9G27','4Ht545l2gz','269 Aberg Place','Orlando','FL',00423,'2023-02-17','2021-09-12','2023-03-16 04:03:20');
INSERT INTO RentalInfo(UserId,ListingId,Street,City,State,Zip,RentalStart,RentalEnd,FulfillmentDate) VALUES ('21lm75791Q','u0baj954xr','984 Cascade Parkway','New Haven','CT',06213,'2022-07-22','2022-10-06','2022-09-03 10:33:27');
INSERT INTO RentalInfo(UserId,ListingId,Street,City,State,Zip,RentalStart,RentalEnd,FulfillmentDate) VALUES ('1laDrvU76C','5Q130n9Q0e','822 Waywood Plaza','Oklahoma City','OK',87953,'2021-12-03','2021-12-09','2023-03-26 13:23:25');
INSERT INTO RentalInfo(UserId,ListingId,Street,City,State,Zip,RentalStart,RentalEnd,FulfillmentDate) VALUES ('1O31w54KN6','53Ktrv7340','71899 Loeprich Circle','Mobile','AL',62124,'2021-11-15','2022-06-23','2023-02-05 03:44:40');
INSERT INTO RentalInfo(UserId,ListingId,Street,City,State,Zip,RentalStart,RentalEnd,FulfillmentDate) VALUES ('Q5383JSK24','r9kJ2jX829','1344 Bonner Plaza','Reno','NV',55512,'2023-03-12','2020-12-03',NULL);
INSERT INTO RentalInfo(UserId,ListingId,Street,City,State,Zip,RentalStart,RentalEnd,FulfillmentDate) VALUES ('VwtVwk0TZz','010235p567','48389 American Ash Point','Stockton','CA',42801,'2021-12-04','2021-09-17','2022-09-24 11:05:52');
INSERT INTO RentalInfo(UserId,ListingId,Street,City,State,Zip,RentalStart,RentalEnd,FulfillmentDate) VALUES ('q4Cm649nyc','3NU747o57p','80441 Columbus Pass','Las Vegas','NV',35514,'2023-01-06','2021-10-13','2023-01-08 10:23:50');
INSERT INTO RentalInfo(UserId,ListingId,Street,City,State,Zip,RentalStart,RentalEnd,FulfillmentDate) VALUES ('734VF5c2kx','9T5j3l9gR0','67 Summer Ridge Center','Charlotte','NC',15329,'2022-07-30','2021-07-19','2023-02-12 10:47:26');
INSERT INTO RentalInfo(UserId,ListingId,Street,City,State,Zip,RentalStart,RentalEnd,FulfillmentDate) VALUES ('3y9009V6qY','1hRSn94II7','1688 Stang Trail','Houston','TX',48608,'2020-11-21','2022-05-24','2022-07-31 08:12:37');
INSERT INTO RentalInfo(UserId,ListingId,Street,City,State,Zip,RentalStart,RentalEnd,FulfillmentDate) VALUES ('5hi6v9092N','1xKphW3rgI','53954 Sutteridge Place','Cleveland','OH',32179,'2021-03-04','2021-10-29',NULL);
INSERT INTO RentalInfo(UserId,ListingId,Street,City,State,Zip,RentalStart,RentalEnd,FulfillmentDate) VALUES ('Sfx1Bq2478','0ExU13ynH3','42830 Bluestem Park','Huntington','WV',79235,'2023-01-08','2021-01-06',NULL);
INSERT INTO RentalInfo(UserId,ListingId,Street,City,State,Zip,RentalStart,RentalEnd,FulfillmentDate) VALUES ('6V78654678','010235p567','2692 Fulton Hill','Sacramento','CA',43111,'2021-03-29','2022-10-19','2023-03-22 21:18:56');
INSERT INTO RentalInfo(UserId,ListingId,Street,City,State,Zip,RentalStart,RentalEnd,FulfillmentDate) VALUES ('JSy8h8pTvE','4Ht545l2gz','22 Novick Lane','Montgomery','AL',55764,'2022-03-14','2023-02-05',NULL);
INSERT INTO RentalInfo(UserId,ListingId,Street,City,State,Zip,RentalStart,RentalEnd,FulfillmentDate) VALUES ('96698Wb74M','e2234Cu22A','1 Prairie Rose Park','Jackson','TN',68773,'2021-08-16','2021-08-05','2022-12-04 21:18:04');
INSERT INTO RentalInfo(UserId,ListingId,Street,City,State,Zip,RentalStart,RentalEnd,FulfillmentDate) VALUES ('Zq606OA414','9T5j3l9gR0','5363 Commercial Hill','Dayton','OH',80637,'2022-09-21','2022-01-23',NULL);
INSERT INTO RentalInfo(UserId,ListingId,Street,City,State,Zip,RentalStart,RentalEnd,FulfillmentDate) VALUES ('96698Wb74M','u0baj954xr','54388 Hallows Junction','Tampa','FL',71623,'2021-04-26','2023-01-17','2022-12-20 11:51:50');
INSERT INTO RentalInfo(UserId,ListingId,Street,City,State,Zip,RentalStart,RentalEnd,FulfillmentDate) VALUES ('2hVz6h97Hg','YiI19Uzw3N','238 Sunbrook Way','Pittsburgh','PA',09046,'2021-11-01','2022-11-17',NULL);
INSERT INTO RentalInfo(UserId,ListingId,Street,City,State,Zip,RentalStart,RentalEnd,FulfillmentDate) VALUES ('3y9009V6qY','2C8dG35123','49 Algoma Park','Sacramento','CA',87374,'2022-09-30','2022-05-27','2022-09-12 07:43:38');
INSERT INTO RentalInfo(UserId,ListingId,Street,City,State,Zip,RentalStart,RentalEnd,FulfillmentDate) VALUES ('3e826zr237','010235p567','92 Lawn Trail','Milwaukee','WI',58026,'2022-06-09','2021-12-21','2022-06-16 21:51:21');
INSERT INTO RentalInfo(UserId,ListingId,Street,City,State,Zip,RentalStart,RentalEnd,FulfillmentDate) VALUES ('1O31w54KN6','d0311Oz4h4','544 Hoard Park','Madison','WI',10495,'2021-01-14','2023-01-13','2022-04-23 23:47:20');
INSERT INTO RentalInfo(UserId,ListingId,Street,City,State,Zip,RentalStart,RentalEnd,FulfillmentDate) VALUES ('q4Cm649nyc','4O79SstC9j','210 Morrow Hill','Fort Smith','AR',80652,'2021-11-27','2022-11-11','2022-04-28 00:55:31');
INSERT INTO RentalInfo(UserId,ListingId,Street,City,State,Zip,RentalStart,RentalEnd,FulfillmentDate) VALUES ('19Un5rT30j','r9kJ2jX829','2 Veith Terrace','Pocatello','ID',42847,'2022-04-26','2022-05-04','2022-12-07 22:15:14');
INSERT INTO RentalInfo(UserId,ListingId,Street,City,State,Zip,RentalStart,RentalEnd,FulfillmentDate) VALUES ('Zq606OA414','z1X3W37W19','8 Northland Street','Saint Paul','MN',37042,'2022-08-28','2021-01-30','2023-01-07 07:03:20');
INSERT INTO RentalInfo(UserId,ListingId,Street,City,State,Zip,RentalStart,RentalEnd,FulfillmentDate) VALUES ('2hVz6h97Hg','0ItMux166c','33760 Hansons Place','Savannah','GA',21971,'2022-03-13','2022-05-13','2022-07-22 08:36:27');
INSERT INTO RentalInfo(UserId,ListingId,Street,City,State,Zip,RentalStart,RentalEnd,FulfillmentDate) VALUES ('PA3G6h9G27','2C8dG35123','11483 Sloan Parkway','Colorado Springs','CO',08400,'2021-10-23','2023-01-20','2022-04-12 19:24:28');
INSERT INTO RentalInfo(UserId,ListingId,Street,City,State,Zip,RentalStart,RentalEnd,FulfillmentDate) VALUES ('1laDrvU76C','4Ht545l2gz','8 Hanson Crossing','Cedar Rapids','IA',70169,'2020-12-01','2022-02-15',NULL);
INSERT INTO RentalInfo(UserId,ListingId,Street,City,State,Zip,RentalStart,RentalEnd,FulfillmentDate) VALUES ('3y9009V6qY','n8kd98p9tc','2869 Lukken Place','Bloomington','IN',43327,'2021-11-09','2022-10-02',NULL);
INSERT INTO RentalInfo(UserId,ListingId,Street,City,State,Zip,RentalStart,RentalEnd,FulfillmentDate) VALUES ('qKQjE6Qh1S','eN4O96F2Ir','50058 Oriole Road','Harrisburg','PA',16230,'2021-11-08','2022-03-01','2022-07-01 15:08:41');
INSERT INTO RentalInfo(UserId,ListingId,Street,City,State,Zip,RentalStart,RentalEnd,FulfillmentDate) VALUES ('3e826zr237','n8kd98p9tc','805 Glacier Hill Parkway','Pittsburgh','PA',97722,'2021-12-22','2023-03-20','2022-11-09 23:13:58');
INSERT INTO RentalInfo(UserId,ListingId,Street,City,State,Zip,RentalStart,RentalEnd,FulfillmentDate) VALUES ('X30diX987R','kK242H6fZ7','822 Helena Parkway','Grand Forks','ND',87321,'2022-12-15','2021-08-02','2022-11-04 23:15:40');
INSERT INTO RentalInfo(UserId,ListingId,Street,City,State,Zip,RentalStart,RentalEnd,FulfillmentDate) VALUES ('qKQjE6Qh1S','TM2dH0Oq04','67 Summer Ridge Circle','Boston','MA',36687,'2021-05-12','2021-10-13','2022-07-20 02:33:17');
INSERT INTO RentalInfo(UserId,ListingId,Street,City,State,Zip,RentalStart,RentalEnd,FulfillmentDate) VALUES ('2H7ckpf155','u0baj954xr','3286 Merchant Parkway','Portland','OR',70343,'2020-12-19','2021-09-10',NULL);
INSERT INTO RentalInfo(UserId,ListingId,Street,City,State,Zip,RentalStart,RentalEnd,FulfillmentDate) VALUES ('1laDrvU76C','VNfiQteIAv','33 Dryden Junction','Glendale','CA',73650,'2021-10-07','2021-07-16',NULL);
INSERT INTO RentalInfo(UserId,ListingId,Street,City,State,Zip,RentalStart,RentalEnd,FulfillmentDate) VALUES ('2bF97oM3pG','0ItMux166c','07612 Texas Trail','Rockville','MD',40494,'2023-03-04','2021-10-20',NULL);
INSERT INTO RentalInfo(UserId,ListingId,Street,City,State,Zip,RentalStart,RentalEnd,FulfillmentDate) VALUES ('0olo47d3d9','1vrdu7V919','034 Farmco Court','Atlanta','GA',19400,'2022-10-08','2021-11-02',NULL);
INSERT INTO RentalInfo(UserId,ListingId,Street,City,State,Zip,RentalStart,RentalEnd,FulfillmentDate) VALUES ('3y9009V6qY','A6S96WNR27','495 Butterfield Pass','Boise','ID',41682,'2020-12-15','2022-11-13','2023-03-06 14:27:55');
INSERT INTO RentalInfo(UserId,ListingId,Street,City,State,Zip,RentalStart,RentalEnd,FulfillmentDate) VALUES ('2hVz6h97Hg','010235p567','05234 Tomscot Lane','Spring','TX',81382,'2020-12-16','2023-03-31',NULL);
INSERT INTO RentalInfo(UserId,ListingId,Street,City,State,Zip,RentalStart,RentalEnd,FulfillmentDate) VALUES ('19Un5rT30j','55r0B8518g','797 South Drive','Washington','DC',74786,'2021-04-13','2023-03-16','2022-04-21 01:41:17');
INSERT INTO RentalInfo(UserId,ListingId,Street,City,State,Zip,RentalStart,RentalEnd,FulfillmentDate) VALUES ('8RRVE2437L','lmcj9h8068','8579 Ramsey Circle','Des Moines','IA',86260,'2022-03-11','2020-10-02','2022-11-07 09:49:52');
INSERT INTO RentalInfo(UserId,ListingId,Street,City,State,Zip,RentalStart,RentalEnd,FulfillmentDate) VALUES ('yeE04tJ3gG','k5csC9f4l1','1 Hintze Court','Chicago','IL',36684,'2022-11-12','2022-08-10','2022-04-07 00:22:05');
INSERT INTO RentalInfo(UserId,ListingId,Street,City,State,Zip,RentalStart,RentalEnd,FulfillmentDate) VALUES ('Sfx1Bq2478','d0311Oz4h4','27620 Talisman Trail','Saint Paul','MN',35769,'2022-09-30','2023-03-31','2022-09-21 07:32:43');
INSERT INTO RentalInfo(UserId,ListingId,Street,City,State,Zip,RentalStart,RentalEnd,FulfillmentDate) VALUES ('5i2t377t10','e2234Cu22A','48 Russell Lane','Fargo','ND',37569,'2020-10-20','2022-07-05','2022-09-15 20:45:01');
INSERT INTO RentalInfo(UserId,ListingId,Street,City,State,Zip,RentalStart,RentalEnd,FulfillmentDate) VALUES ('9FZ4977454','YP6O9eh901','08905 Crowley Junction','San Bernardino','CA',71184,'2022-06-06','2021-12-25','2022-09-24 17:15:08');


-- PurchaseInfo
INSERT INTO PurchaseInfo(UserId,ListingId,Street,City,State,Zip,PurchaseDate,PurchaseQuantity,FulfillmentDate) VALUES ('X30diX987R','1vrdu7V919','1546 Sauthoff Circle','Scottsdale','AZ',16236,'2022-04-16 08:26:44',2,NULL);
INSERT INTO PurchaseInfo(UserId,ListingId,Street,City,State,Zip,PurchaseDate,PurchaseQuantity,FulfillmentDate) VALUES ('734VF5c2kx','9T5j3l9gR0','9 Anthes Plaza','Daytona Beach','FL',37812,'2021-04-08 16:50:00',3,'2022-06-20 01:17:55');
INSERT INTO PurchaseInfo(UserId,ListingId,Street,City,State,Zip,PurchaseDate,PurchaseQuantity,FulfillmentDate) VALUES ('0olo47d3d9','e2234Cu22A','5 Farragut Place','Amarillo','TX',44777,'2020-12-04 00:57:19',3,'2022-11-12 02:47:09');
INSERT INTO PurchaseInfo(UserId,ListingId,Street,City,State,Zip,PurchaseDate,PurchaseQuantity,FulfillmentDate) VALUES ('vfG95VZG71','3NU747o57p','20 Arrowood Place','Chicago','IL',29254,'2021-05-06 00:45:35',1,'2023-04-04 03:04:19');
INSERT INTO PurchaseInfo(UserId,ListingId,Street,City,State,Zip,PurchaseDate,PurchaseQuantity,FulfillmentDate) VALUES ('16h4c9I927','ddiEMp8lKv','22 Commercial Junction','Omaha','NE',69368,'2022-09-05 14:07:53',1,'2020-12-21 12:22:04');
INSERT INTO PurchaseInfo(UserId,ListingId,Street,City,State,Zip,PurchaseDate,PurchaseQuantity,FulfillmentDate) VALUES ('164m6u83GC','0ItMux166c','594 Pine View Lane','Chicago','IL',83432,'2022-02-22 06:49:17',3,NULL);
INSERT INTO PurchaseInfo(UserId,ListingId,Street,City,State,Zip,PurchaseDate,PurchaseQuantity,FulfillmentDate) VALUES ('Dv3KJDR225','1QF50nl2A4','48 High Crossing Trail','Reading','PA',20044,'2021-05-25 19:09:44',2,NULL);
INSERT INTO PurchaseInfo(UserId,ListingId,Street,City,State,Zip,PurchaseDate,PurchaseQuantity,FulfillmentDate) VALUES ('4t56a5V1h8','4Ht545l2gz','5833 Haas Place','South Bend','IN',63107,'2022-02-03 15:36:00',2,'2023-02-08 01:05:53');
INSERT INTO PurchaseInfo(UserId,ListingId,Street,City,State,Zip,PurchaseDate,PurchaseQuantity,FulfillmentDate) VALUES ('VwtVwk0TZz','V93017AbKR','85 Fordem Alley','San Luis Obispo','CA',70933,'2022-07-11 20:25:38',3,'2020-11-01 05:04:16');
INSERT INTO PurchaseInfo(UserId,ListingId,Street,City,State,Zip,PurchaseDate,PurchaseQuantity,FulfillmentDate) VALUES ('1O31w54KN6','lmcj9h8068','8 Delladonna Parkway','Dallas','TX',78651,'2021-11-11 08:58:56',2,'2021-08-06 01:49:18');
INSERT INTO PurchaseInfo(UserId,ListingId,Street,City,State,Zip,PurchaseDate,PurchaseQuantity,FulfillmentDate) VALUES ('0Mg864B288','3NU747o57p','22494 Haas Crossing','Fresno','CA',30385,'2021-10-01 05:22:30',2,'2022-12-02 04:36:40');
INSERT INTO PurchaseInfo(UserId,ListingId,Street,City,State,Zip,PurchaseDate,PurchaseQuantity,FulfillmentDate) VALUES ('0T01I5h963','V93017AbKR','3322 Johnson Crossing','Raleigh','NC',83640,'2022-02-21 01:45:02',1,NULL);
INSERT INTO PurchaseInfo(UserId,ListingId,Street,City,State,Zip,PurchaseDate,PurchaseQuantity,FulfillmentDate) VALUES ('734VF5c2kx','2C8dG35123','64 Tennessee Parkway','Lexington','KY',55957,'2022-09-22 17:56:46',2,'2022-11-01 14:15:23');
INSERT INTO PurchaseInfo(UserId,ListingId,Street,City,State,Zip,PurchaseDate,PurchaseQuantity,FulfillmentDate) VALUES ('6XqaN4JYCQ','Di9142k9jo','784 Mallory Drive','Harrisburg','PA',34858,'2022-03-13 16:32:17',1,'2021-09-30 02:59:44');
INSERT INTO PurchaseInfo(UserId,ListingId,Street,City,State,Zip,PurchaseDate,PurchaseQuantity,FulfillmentDate) VALUES ('0pFMH7GKfK','ddiEMp8lKv','35 Oriole Plaza','Rochester','NY',28721,'2021-02-10 03:32:26',2,'2022-08-15 10:34:25');
INSERT INTO PurchaseInfo(UserId,ListingId,Street,City,State,Zip,PurchaseDate,PurchaseQuantity,FulfillmentDate) VALUES ('qKQjE6Qh1S','k5csC9f4l1','92 Mayer Plaza','Chicago','IL',04152,'2021-12-09 21:10:17',1,'2022-01-15 11:00:39');
INSERT INTO PurchaseInfo(UserId,ListingId,Street,City,State,Zip,PurchaseDate,PurchaseQuantity,FulfillmentDate) VALUES ('Piap7XYWJr','u0baj954xr','7350 Troy Street','Salt Lake City','UT',00996,'2021-06-17 22:13:38',2,'2022-05-17 12:41:10');
INSERT INTO PurchaseInfo(UserId,ListingId,Street,City,State,Zip,PurchaseDate,PurchaseQuantity,FulfillmentDate) VALUES ('2CDMQPFF2m','ddiEMp8lKv','3 Surrey Terrace','Shreveport','LA',82458,'2021-08-08 21:26:22',1,'2022-07-09 19:34:25');
INSERT INTO PurchaseInfo(UserId,ListingId,Street,City,State,Zip,PurchaseDate,PurchaseQuantity,FulfillmentDate) VALUES ('2H7ckpf155','S9477d61B5','8067 Bluejay Way','Pittsburgh','PA',20606,'2022-09-29 09:05:00',3,'2021-03-23 20:58:01');
INSERT INTO PurchaseInfo(UserId,ListingId,Street,City,State,Zip,PurchaseDate,PurchaseQuantity,FulfillmentDate) VALUES ('8RRVE2437L','95Y49z0687','92519 Mallard Avenue','Louisville','KY',47909,'2021-03-06 10:54:07',1,'2022-03-04 00:08:19');
INSERT INTO PurchaseInfo(UserId,ListingId,Street,City,State,Zip,PurchaseDate,PurchaseQuantity,FulfillmentDate) VALUES ('40lZ9YI524','k450JZu276','44 Susan Crossing','Chicago','IL',93724,'2021-02-23 06:35:16',3,'2021-02-08 21:31:29');
INSERT INTO PurchaseInfo(UserId,ListingId,Street,City,State,Zip,PurchaseDate,PurchaseQuantity,FulfillmentDate) VALUES ('Jo64spRu07','9XAKlE4h97','7 Meadow Ridge Terrace','Houston','TX',34874,'2023-03-29 16:53:49',2,'2021-07-10 04:03:34');
INSERT INTO PurchaseInfo(UserId,ListingId,Street,City,State,Zip,PurchaseDate,PurchaseQuantity,FulfillmentDate) VALUES ('1O31w54KN6','eN4O96F2Ir','7744 Kings Hill','Odessa','TX',52251,'2021-01-15 02:56:21',2,'2022-07-12 21:37:20');
INSERT INTO PurchaseInfo(UserId,ListingId,Street,City,State,Zip,PurchaseDate,PurchaseQuantity,FulfillmentDate) VALUES ('h30332r77f','j8Vi8o259G','7597 Bashford Terrace','Tallahassee','FL',89754,'2021-09-12 19:28:20',3,NULL);
INSERT INTO PurchaseInfo(UserId,ListingId,Street,City,State,Zip,PurchaseDate,PurchaseQuantity,FulfillmentDate) VALUES ('Zq606OA414','z1X3W37W19','3 Jay Center','Corpus Christi','TX',59490,'2023-01-12 00:02:52',1,'2020-10-06 21:43:19');
INSERT INTO PurchaseInfo(UserId,ListingId,Street,City,State,Zip,PurchaseDate,PurchaseQuantity,FulfillmentDate) VALUES ('vfG95VZG71','1QF50nl2A4','06659 Corscot Avenue','Fort Worth','TX',67892,'2023-01-14 07:00:22',1,'2020-11-13 08:12:23');
INSERT INTO PurchaseInfo(UserId,ListingId,Street,City,State,Zip,PurchaseDate,PurchaseQuantity,FulfillmentDate) VALUES ('Q5383JSK24','Di9142k9jo','76 Nelson Crossing','San Antonio','TX',40767,'2022-07-29 23:33:06',3,'2021-05-16 19:21:32');
INSERT INTO PurchaseInfo(UserId,ListingId,Street,City,State,Zip,PurchaseDate,PurchaseQuantity,FulfillmentDate) VALUES ('3Wp82q8KoF','V93017AbKR','057 Arizona Junction','Fort Worth','TX',13793,'2021-08-30 12:10:08',2,'2022-09-06 13:23:18');
INSERT INTO PurchaseInfo(UserId,ListingId,Street,City,State,Zip,PurchaseDate,PurchaseQuantity,FulfillmentDate) VALUES ('Dv3KJDR225','0ExU13ynH3','3 Debs Lane','Springfield','IL',05729,'2022-01-31 10:20:46',1,'2022-08-23 16:27:35');
INSERT INTO PurchaseInfo(UserId,ListingId,Street,City,State,Zip,PurchaseDate,PurchaseQuantity,FulfillmentDate) VALUES ('1laDrvU76C','4O79SstC9j','448 Milwaukee Point','Bradenton','FL',37434,'2021-08-25 01:07:57',3,'2022-06-02 02:01:49');
INSERT INTO PurchaseInfo(UserId,ListingId,Street,City,State,Zip,PurchaseDate,PurchaseQuantity,FulfillmentDate) VALUES ('s5Ah3S7ybQ','5Q130n9Q0e','6 Claremont Drive','Montgomery','AL',90359,'2021-09-28 23:34:14',2,'2023-01-21 11:21:33');
INSERT INTO PurchaseInfo(UserId,ListingId,Street,City,State,Zip,PurchaseDate,PurchaseQuantity,FulfillmentDate) VALUES ('Dv3KJDR225','n8kd98p9tc','17 Independence Trail','Hartford','CT',07882,'2020-10-03 14:14:03',2,'2021-12-22 03:12:37');
INSERT INTO PurchaseInfo(UserId,ListingId,Street,City,State,Zip,PurchaseDate,PurchaseQuantity,FulfillmentDate) VALUES ('19Un5rT30j','vs14983k06','2147 Sachs Avenue','Tyler','TX',26836,'2021-04-20 15:43:11',2,NULL);
INSERT INTO PurchaseInfo(UserId,ListingId,Street,City,State,Zip,PurchaseDate,PurchaseQuantity,FulfillmentDate) VALUES ('Q5383JSK24','92lwFDY503','332 Eastlawn Drive','Colorado Springs','CO',49510,'2022-05-30 09:21:40',1,NULL);
INSERT INTO PurchaseInfo(UserId,ListingId,Street,City,State,Zip,PurchaseDate,PurchaseQuantity,FulfillmentDate) VALUES ('2bF97oM3pG','kK242H6fZ7','638 Sutherland Trail','New York City','NY',39872,'2022-05-22 13:37:44',3,'2022-12-09 13:30:05');
INSERT INTO PurchaseInfo(UserId,ListingId,Street,City,State,Zip,PurchaseDate,PurchaseQuantity,FulfillmentDate) VALUES ('VwtVwk0TZz','1hRSn94II7','12 Artisan Park','Atlanta','GA',62145,'2022-05-25 11:23:06',2,'2021-03-20 12:37:40');
INSERT INTO PurchaseInfo(UserId,ListingId,Street,City,State,Zip,PurchaseDate,PurchaseQuantity,FulfillmentDate) VALUES ('3y9009V6qY','1QF50nl2A4','91748 New Castle Place','Norwalk','CT',41588,'2020-11-13 12:11:49',2,NULL);
INSERT INTO PurchaseInfo(UserId,ListingId,Street,City,State,Zip,PurchaseDate,PurchaseQuantity,FulfillmentDate) VALUES ('164m6u83GC','n8kd98p9tc','44469 La Follette Place','Augusta','GA',91003,'2022-04-16 21:13:55',1,'2022-04-12 07:13:02');
INSERT INTO PurchaseInfo(UserId,ListingId,Street,City,State,Zip,PurchaseDate,PurchaseQuantity,FulfillmentDate) VALUES ('2hVz6h97Hg','95Y49z0687','14 Hoard Pass','Buffalo','NY',15397,'2021-11-23 08:09:54',3,NULL);
INSERT INTO PurchaseInfo(UserId,ListingId,Street,City,State,Zip,PurchaseDate,PurchaseQuantity,FulfillmentDate) VALUES ('2CDMQPFF2m','1hRSn94II7','33 Bartillon Drive','Reston','VA',04475,'2022-06-03 00:30:36',3,'2021-08-13 12:21:25');
INSERT INTO PurchaseInfo(UserId,ListingId,Street,City,State,Zip,PurchaseDate,PurchaseQuantity,FulfillmentDate) VALUES ('VwtVwk0TZz','k450JZu276','3 Hauk Trail','Lawrenceville','GA',19948,'2023-03-01 06:00:12',2,NULL);
INSERT INTO PurchaseInfo(UserId,ListingId,Street,City,State,Zip,PurchaseDate,PurchaseQuantity,FulfillmentDate) VALUES ('6V78654678','kfa37s70h9','12 Bobwhite Point','Pinellas Park','FL',56945,'2020-11-19 21:09:07',2,NULL);
INSERT INTO PurchaseInfo(UserId,ListingId,Street,City,State,Zip,PurchaseDate,PurchaseQuantity,FulfillmentDate) VALUES ('9FZ4977454','Di9142k9jo','4070 Anderson Pass','Monticello','MN',25483,'2022-11-10 11:18:52',1,'2022-11-06 07:18:38');
INSERT INTO PurchaseInfo(UserId,ListingId,Street,City,State,Zip,PurchaseDate,PurchaseQuantity,FulfillmentDate) VALUES ('Sfx1Bq2478','YP6O9eh901','7 Fallview Terrace','Las Vegas','NV',54347,'2021-04-06 23:53:40',2,'2022-02-24 08:40:24');
INSERT INTO PurchaseInfo(UserId,ListingId,Street,City,State,Zip,PurchaseDate,PurchaseQuantity,FulfillmentDate) VALUES ('JSy8h8pTvE','92lwFDY503','2 Jana Park','Baltimore','MD',81339,'2022-08-23 00:10:54',1,'2021-05-31 02:00:47');
INSERT INTO PurchaseInfo(UserId,ListingId,Street,City,State,Zip,PurchaseDate,PurchaseQuantity,FulfillmentDate) VALUES ('4t56a5V1h8','4O79SstC9j','78 Sundown Place','Huntsville','AL',44266,'2022-04-24 11:42:47',1,'2020-10-18 17:04:03');
INSERT INTO PurchaseInfo(UserId,ListingId,Street,City,State,Zip,PurchaseDate,PurchaseQuantity,FulfillmentDate) VALUES ('S2KK585041','VNfiQteIAv','42799 Buhler Center','New York City','NY',80744,'2021-04-15 00:12:14',1,'2021-05-08 00:36:21');
INSERT INTO PurchaseInfo(UserId,ListingId,Street,City,State,Zip,PurchaseDate,PurchaseQuantity,FulfillmentDate) VALUES ('z5t1w226lZ','873m2j54xP','319 Pepper Wood Way','Houston','TX',08506,'2022-06-08 21:07:53',3,'2022-07-28 17:31:44');
INSERT INTO PurchaseInfo(UserId,ListingId,Street,City,State,Zip,PurchaseDate,PurchaseQuantity,FulfillmentDate) VALUES ('3Wp82q8KoF','1QF50nl2A4','292 Del Mar Terrace','Albuquerque','NM',04866,'2021-01-06 12:26:04',3,'2022-05-09 06:56:00');
INSERT INTO PurchaseInfo(UserId,ListingId,Street,City,State,Zip,PurchaseDate,PurchaseQuantity,FulfillmentDate) VALUES ('734VF5c2kx','e2234Cu22A','3 Mendota Trail','Huntington','WV',51768,'2021-05-25 10:32:08',1,'2022-02-22 19:37:58');
